DROP TABLE ACREDITACION CASCADE CONSTRAINTS; 
DROP TABLE AHORRO CASCADE CONSTRAINTS; 
DROP TABLE ANOMALIA CASCADE CONSTRAINTS; 
DROP TABLE CARGAS_FAMILIAR CASCADE CONSTRAINTS; 
DROP TABLE REGION CASCADE CONSTRAINTS; 
DROP TABLE COMUNA CASCADE CONSTRAINTS; 
DROP TABLE CONSULTOR CASCADE CONSTRAINTS; 
DROP TABLE CONTACTO_POSTULANTE CASCADE CONSTRAINTS; 
DROP TABLE CONYUGE CASCADE CONSTRAINTS; 
DROP TABLE DOMICILIO_POSTULANTE CASCADE CONSTRAINTS; 
DROP TABLE ESTADO_CONSERVACION_VIVIENDA CASCADE CONSTRAINTS; 
DROP TABLE FICHA_POSTULACION CASCADE CONSTRAINTS; 
DROP TABLE HISTORIAL_POSTULACION CASCADE CONSTRAINTS; 
DROP TABLE INFORME_TECNICO CASCADE CONSTRAINTS; 
DROP TABLE POSTULANTE CASCADE CONSTRAINTS; 
DROP TABLE PROPIETARIO CASCADE CONSTRAINTS; 
DROP TABLE PROCESO CASCADE CONSTRAINTS;
DROP TABLE Titulo_Tipo CASCADE CONSTRAINTS;
DROP TABLE Titulo CASCADE CONSTRAINTS;
DROP TABLE UBICACION_PREFERENCIA CASCADE CONSTRAINTS; 
DROP TABLE VIVIENDA CASCADE CONSTRAINTS; 
DROP TABLE Informe_Anomalia CASCADE CONSTRAINTS;
DROP TABLE Informe_Consultor CASCADE CONSTRAINTS;
DROP TABLE TRAMO_CARGAS CASCADE CONSTRAINTS;
DROP TABLE TRAMO_EDADES CASCADE CONSTRAINTS;
DROP TABLE TRAMO_AHORRO CASCADE CONSTRAINTS;
DROP TABLE ESTADO_CIVIL CASCADE CONSTRAINTS;
DROP SEQUENCE SEQ_ACREDITACION;
DROP SEQUENCE SEQ_FICHAPOST;
DROP SEQUENCE SEQ_AHORRO;
DROP SEQUENCE SEQ_PROCESO;
DROP SEQUENCE SEQ_ANOMALIA;
DROP TABLE PUEBLO_INDIGENA;
CREATE SEQUENCE SEQ_ANOMALIA
MINVALUE 1
MAXVALUE 999999999
INCREMENT BY 1;
CREATE SEQUENCE SEQ_PROCESO
MINVALUE 1
MAXVALUE 999999999
INCREMENT BY 1;
CREATE SEQUENCE SEQ_ACREDITACION
MINVALUE 1
MAXVALUE 999999999999
INCREMENT BY 1;
CREATE SEQUENCE SEQ_AHORRO
MINVALUE 1
MAXVALUE 999999999
INCREMENT BY 1;
CREATE SEQUENCE SEQ_FICHAPOST
MINVALUE 1
MAXVALUE 999999999999
INCREMENT BY 1;

CREATE TABLE ESTADO_CIVIL
(
    ID_ESTADOCIVIL NUMBER(3) PRIMARY KEY,
    NOMBRE_ESTADO VARCHAR2(30) not null,
    puntaje_ecivil number(8) not null
);
CREATE TABLE TRAMO_CARGAS
(
    ID_TRAMO NUMBER(3) PRIMARY KEY,
    TRAMO_INF NUMBER(3),
    TRAMO_SUP NUMBER(3),
    PUNTOS_CARGA NUMBER(9)
);
CREATE TABLE TRAMO_AHORRO
(
    ID_TRAMO NUMBER(3) PRIMARY KEY,
    TRAMO_INF NUMBER(12),
    TRAMO_SUP NUMBER(12),
    PUNTOS_AHORRO NUMBER(9)
);
CREATE TABLE TRAMO_EDADES
(
    ID_TRAMO NUMBER(3) PRIMARY KEY,
    TRAMO_INF NUMBER(3),
    TRAMO_SUP NUMBER(3),
    PUNTOS_EDAD NUMBER(9)
);
CREATE TABLE informe_tecnico (
    id_informe             NUMBER(9) NOT NULL,
    fecha_solicitud        DATE,
    fecha_inspeccion       DATE,
    nombre_solicitante     VARCHAR2(120),
    rut_solicitante        VARCHAR2(15),
    telefono_solicitante   VARCHAR2(15),
    correo_solicitante     VARCHAR2(120),
    subsidio_obtenido      NUMBER(10),
    tipo_subsidio          VARCHAR2(120)
);
CREATE TABLE titulo_tipo
(
	id_tipo_titulo number(8),
	tipo_titulo varchar2(100),
	puntaje_tipo number(8)
);
ALTER TABLE Titulo_tipo ADD CONSTRAINT tipo_titulo_pk PRIMARY KEY ( id_tipo_titulo );
CREATE TABLE Titulo
(
	id_titulo number(8) not null,
	descripcion_titulo varchar2(150) not null,
	id_tipo_titulo number(8)
);
ALTER TABLE Titulo ADD CONSTRAINT titulo_pk PRIMARY KEY ( id_titulo );
ALTER TABLE informe_tecnico ADD CONSTRAINT informe_tecnico_pk PRIMARY KEY ( id_informe );
 CREATE TABLE acreditacion (
    id_acreditacion              NUMBER(9) NOT NULL,
    cargas_familiares            CHAR(1) NOT NULL,
    acredita_cargas_familiares   VARCHAR2(2),
    fec_doc_cargas               DATE,
    institucion_titulo           VARCHAR2(120),
    acredita_titulo              NUMBER(2),
    fec_doc_titulo               DATE,
	id_ficha   					 NUMBER(9) NOT NULL,
	id_titulo					 NUMBER(8) NOT NULL
);
ALTER TABLE acreditacion ADD CONSTRAINT acreditacion_pk PRIMARY KEY ( ID_FICHA );
CREATE TABLE ahorro (
    id_ficha   NUMBER(9) NOT NULL,
    id_ahorro                    NUMBER(9) NOT NULL,
    rut_cuenta                   VARCHAR2(12) NOT NULL,
    tipo_cuenta                  VARCHAR2(50) NOT NULL,
    titular_cuenta               VARCHAR2(50),
    entidad_financiera           VARCHAR2(100),
    nro_cuenta                   VARCHAR2(15),
    fecha_apertura               DATE,
    monto_ahorrado               NUMBER(15)
);
ALTER TABLE ahorro ADD CONSTRAINT ahorro_pk PRIMARY KEY ( id_ahorro );
CREATE TABLE Anomalia (
    cod_anomalia number(8),
	reparable_irreparable varchar2(30),
	nombre_anomalia varchar2(150)
);
ALTER TABLE Anomalia ADD CONSTRAINT anomalia_pk PRIMARY KEY (cod_anomalia);

CREATE TABLE comuna (
    id_comuna          NUMBER(9) NOT NULL,
    nombre_comuna      VARCHAR2(100) NOT NULL,
    id_region   NUMBER(9) NOT NULL
);

ALTER TABLE comuna ADD CONSTRAINT comuna_pk PRIMARY KEY ( id_comuna );
CREATE TABLE consultor (
    rut_consultor         VARCHAR2(15) NOT NULL,
    nombre_consultor      VARCHAR2(120),
    correo_consultor      VARCHAR2(120),
    rol_consultor         VARCHAR2(120),
    telefono_consultor    VARCHAR2(15),
    categoria_consultor   VARCHAR2(120),
    nro_resolucion        NUMBER(9),
    fecha_resolucion      DATE
);
ALTER TABLE consultor ADD CONSTRAINT consultor_pk PRIMARY KEY ( rut_consultor );
CREATE TABLE contacto_postulante (
    id_ficha   NUMBER(9) NOT NULL,
    id_contacto                  NUMBER(9) NOT NULL,
    fono_trabajo                 VARCHAR2(15),
    fono_domicilio               VARCHAR2(12),
    fono_movil                   VARCHAR2(12),
    codigo_postal                NUMBER(9),
    email                        VARCHAR2(120)
);
ALTER TABLE contacto_postulante ADD CONSTRAINT contacto_postulante_pk PRIMARY KEY ( id_contacto );
CREATE TABLE conyuge (
    id_conyuge          NUMBER(2) NOT NULL,
    descripcion_tipo    VARCHAR2(100) NOT NULL,
    rut_tipo            VARCHAR2(12) NOT NULL,
    nombres_tipo        VARCHAR2(100) NOT NULL,
    p_apellido_tipo     VARCHAR2(80) NOT NULL,
    s_apellido_tipo     VARCHAR2(80) NOT NULL,
    fecnac_tipo         DATE NOT NULL,
    nacionalidad_tipo   VARCHAR2(80) NOT NULL
);
ALTER TABLE conyuge ADD CONSTRAINT conyuge_pk PRIMARY KEY ( id_conyuge );

CREATE TABLE domicilio_postulante (
    id_ficha   NUMBER(9) NOT NULL,
    id_domicilio                 NUMBER(9) NOT NULL,
    calle                        VARCHAR2(150),
    block                        VARCHAR2(120),
    manzana                      VARCHAR2(120),
    departamento                 VARCHAR2(120),
    sitio                        VARCHAR2(90),
    poblacion_o_villa            VARCHAR2(120),
    localidad                    VARCHAR2(120),
    id_comuna             NUMBER(9) NOT NULL
);
ALTER TABLE domicilio_postulante ADD CONSTRAINT domicilio_postulante_pk PRIMARY KEY ( id_domicilio );
CREATE TABLE estado_conservacion_vivienda (
    id_estado       NUMBER(8) NOT NULL,
    nombre_estado   VARCHAR2(30) not null
);
ALTER TABLE estado_conservacion_vivienda ADD CONSTRAINT est_conser_vivie_pk PRIMARY KEY ( id_estado );
CREATE TABLE ficha_postulacion (
    id_ficha                    NUMBER(9) NOT NULL,
    rut_postulante   VARCHAR2(12) NOT NULL,
    id_conyuge          NUMBER(2) NULL,
    rol_sii            VARCHAR2(120) NOT NULL,
    anno_postulacion number(4) not null
);
ALTER TABLE ficha_postulacion ADD CONSTRAINT ficha_postulacion_pk PRIMARY KEY ( rut_postulante,anno_postulacion,rol_sii );
ALTER TABLE ficha_postulacion ADD CONSTRAINT ficha_postulacion_uk UNIQUE ( id_ficha );
CREATE TABLE historial_postulacion (
    id_historial                NUMBER(9) NOT NULL,
    id_conyuge          NUMBER(2) NOT NULL,
    rut_postulante   VARCHAR2(12) NOT NULL
);
ALTER TABLE historial_postulacion ADD CONSTRAINT historial_postulacion_pk PRIMARY KEY ( id_historial );
CREATE TABLE PUEBLO_INDIGENA
(
    ID_PUEBLO NUMBER(8) PRIMARY KEY,
    NOMBRE_PUEBLO VARCHAR2(100) NOT NULL,
    PUNTAJE_PUEBLO NUMBER(8) NOT NULL
);
CREATE TABLE postulante (
    rut_postulante             VARCHAR2(12) NOT NULL,
    rut_titular_ctahorro       VARCHAR2(12) NOT NULL,
    nombres_postulante         VARCHAR2(150) NOT NULL,
    p_apellido_postulante      VARCHAR2(80) NOT NULL,
    s_apellido_postulante      VARCHAR2(80) NOT NULL,
    fecnac_postulante          DATE NOT NULL,
    nacionalidad_postulante    VARCHAR2(90) NOT NULL,
    ID_ESTADOCIVIL             NUMBER(3) NOT NULL,
    cert_permanencia           CHAR(1),
    fec_cert_permanencia_def   DATE,
    inicio_tramite_divorcio    CHAR(1),
    ID_PUEBLO                  NUMBER(8)
);
ALTER TABLE postulante ADD CONSTRAINT postulante_pk PRIMARY KEY ( rut_postulante );
CREATE TABLE cargas_familiar (
    id_ficha                     NUMBER(9) NOT NULL,
    rut_postulante               VARCHAR2(12) NOT NULL,
    rut_carga                    VARCHAR2(12) NOT NULL,
    p_apellido_carga             VARCHAR2(100) NOT NULL,
    s_apellido_carga             VARCHAR2(100) NOT NULL,
    nombres_carga                VARCHAR2(150) NOT NULL
);
ALTER TABLE cargas_familiar ADD CONSTRAINT cargas_familiar_pk PRIMARY KEY ( id_ficha,rut_postulante,rut_carga );

CREATE TABLE Informe_Anomalia
(
	cod_anomalia           NUMBER(8) NOT NULL,
	id_informe             NUMBER(9) NOT NULL,
	estado_anomalia		   varchar2(3) NOT NULL
);
ALTER TABLE Informe_Anomalia ADD CONSTRAINT informe_anomalia_pk PRIMARY KEY (cod_anomalia,id_informe);
CREATE TABLE propietario (
    rut_propietario        VARCHAR2(15) NOT NULL,
    nombre_propietario     VARCHAR2(120),
    telefono_propietario   VARCHAR2(15),
    email_propietario      VARCHAR2(150)
);
ALTER TABLE propietario ADD CONSTRAINT propietario_pk PRIMARY KEY ( rut_propietario );
CREATE TABLE proceso (
    id_proceso                   NUMBER(9) NOT NULL,
	ANNO_PROCESO				 NUMBER(8) NOT NULL,
    run_postulante               VARCHAR2(13),
    edad                         number(9),
    puntaje_edad                 number(9),
    cargas_fam                   number(9),
    puntaje_cargas               number(9), 
    e_civil                      varchar2(50),
    puntaje_ecivil               number(9),
    pueblo_indigena              varchar(50),
    puntaje_indigena             number(9),
    monto_ahorro                 number(9),
    puntaje_ahorro               number(9),
    titulo                       varchar2(50),
    puntaje_titulo               number(9),
    puntaje_total                number(9),
    id_ficha   NUMBER(9) NOT NULL
);
ALTER TABLE proceso ADD CONSTRAINT proceso_pk PRIMARY KEY ( id_proceso );
CREATE TABLE region (
    id_region       NUMBER(9) NOT NULL,
    nombre_region   VARCHAR2(100) NOT NULL
);
ALTER TABLE region ADD CONSTRAINT region_pk PRIMARY KEY ( id_region );
CREATE TABLE ubicacion_preferencia (
    tramo_postula                VARCHAR2(30) NOT NULL,
    region_preferencia           VARCHAR2(100),
    comuna_preferencia           VARCHAR2(100),
    valor_vivienda               NUMBER(15),
    id_ubicacionpref             NUMBER(9) NOT NULL,
    id_ficha   NUMBER(9) NOT NULL
);
ALTER TABLE ubicacion_preferencia ADD CONSTRAINT ubicacion_preferencia_pk PRIMARY KEY ( id_ubicacionpref );
CREATE TABLE vivienda (
    rol_sii                                  VARCHAR2(120) NOT NULL,
    usada                                    CHAR(1),
    economica                                CHAR(1),
    direccion                                VARCHAR2(120),
    nro_depto                                number(9), 
    nro_piso                                 number(9),
    poblacion_villa_etc                      varchar2(50),
    permiso_edificacion                      varchar2(50),
    fecha_permiso_ed                         date,
    metroscuadrados                          NUMBER(9),
    annio_construccion                       DATE,
    recepcion_final_nro                      number(9),
    fecha_recepcion                          DATE,
    tipo_vivienda                            varchar2(50),
    nro_pisos_vivienda                       NUMBER,
    agrupacion_vivienda                      VARCHAR2(100),
    nro_dormitorios                          NUMBER(12),
    nro_bannos                               NUMBER(9),
    estar                                    CHAR(1),
    estacionamiento                          CHAR(1),
    bodega                                   CHAR(1),
    comedor                                  NUMBER(12),
    loggia                                   CHAR(1),
    otro_recinto                             VARCHAR2(12),
    balcon_o_terraza                         VARCHAR2(12),
    superficie_vivienda_m2                   NUMBER(12),
    superficie_terreno_m2                    NUMBER(12),
    techumbre                                VARCHAR2(150),
    muros                                    VARCHAR2(120),
    pisos_entre_pisos                        VARCHAR2(120), 
    id_estado			                	 NUMBER(8) NOT NULL,
    rut_propietario           			     VARCHAR2(15) NOT NULL,
    id_informe         				         NUMBER(9) NOT NULL,
    id_region                                number(9) NOT NULL
);
ALTER TABLE vivienda ADD CONSTRAINT vivienda_pk PRIMARY KEY ( rol_sii );
CREATE TABLE Informe_Consultor
(
	id_informe         				         NUMBER(9) NOT NULL,
	rut_consultor        					 VARCHAR2(15) NOT NULL
);
ALTER TABLE Informe_Consultor ADD CONSTRAINT informe_consultor_pk PRIMARY KEY (id_informe,rut_consultor);
ALTER TABLE Informe_Consultor
	ADD CONSTRAINT informe_cons_fk FOREIGN KEY (id_informe)
        REFERENCES INFORME_TECNICO (id_informe);
ALTER TABLE Informe_Consultor
	ADD CONSTRAINT inf_consultor_fk FOREIGN KEY (rut_consultor)
        REFERENCES consultor (rut_consultor);

ALTER TABLE Titulo
	ADD CONSTRAINT titulo_fk FOREIGN KEY (id_tipo_titulo)
		REFERENCES Titulo_Tipo (id_tipo_titulo);

ALTER TABLE Informe_Anomalia
	ADD CONSTRAINT inf_anomalia_fk FOREIGN KEY (cod_anomalia)
		REFERENCES Anomalia (cod_anomalia);
ALTER TABLE Informe_Anomalia
	ADD CONSTRAINT informe_anom_fk FOREIGN KEY (id_informe)
		REFERENCES INFORME_TECNICO (id_informe);
ALTER TABLE acreditacion
    ADD CONSTRAINT acredi_ficha_pstlcn_fk FOREIGN KEY ( id_ficha )
        REFERENCES ficha_postulacion ( id_ficha );
ALTER TABLE acreditacion
	ADD CONSTRAINT acredi_titulo_fk FOREIGN KEY ( id_titulo )
		REFERENCES Titulo (id_titulo);
ALTER TABLE ahorro
    ADD CONSTRAINT ahorro_ficha_pstlcn_fk FOREIGN KEY ( id_ficha )
        REFERENCES ficha_postulacion ( id_ficha );
ALTER TABLE cargas_familiar
    ADD CONSTRAINT carg_fami_ficha_pstlcn_fk FOREIGN KEY ( id_ficha )
        REFERENCES ficha_postulacion ( id_ficha );
ALTER TABLE cargas_familiar
    ADD CONSTRAINT carg_fami_post_fk FOREIGN KEY (rut_postulante)
        REFERENCES POSTULANTE (rut_postulante);
ALTER TABLE comuna
    ADD CONSTRAINT comuna_region_fk FOREIGN KEY ( id_region )
        REFERENCES region ( id_region );
ALTER TABLE contacto_postulante
    ADD CONSTRAINT contacto_post_fichafk FOREIGN KEY ( id_ficha )
        REFERENCES ficha_postulacion ( id_ficha );
ALTER TABLE domicilio_postulante
    ADD CONSTRAINT domi_pstlnt_comuna_fk FOREIGN KEY ( id_comuna )
        REFERENCES comuna ( id_comuna );
ALTER TABLE domicilio_postulante
    ADD CONSTRAINT domi_post_ficha_fk FOREIGN KEY ( id_ficha )
        REFERENCES ficha_postulacion ( id_ficha );
ALTER TABLE ficha_postulacion
    ADD CONSTRAINT ficha_pstlcn_conyuge_fk FOREIGN KEY ( id_conyuge )
        REFERENCES conyuge ( id_conyuge );
ALTER TABLE ficha_postulacion
    ADD CONSTRAINT ficha_pstlcn_pstlnt_fk FOREIGN KEY ( rut_postulante )
        REFERENCES postulante ( rut_postulante );
ALTER TABLE ficha_postulacion
    ADD CONSTRAINT ficha_postulacion_vivienda_fk FOREIGN KEY ( rol_sii )
        REFERENCES vivienda ( rol_sii );
ALTER TABLE historial_postulacion
    ADD CONSTRAINT historial_pstlcn_conyuge_fk FOREIGN KEY ( id_conyuge )
        REFERENCES conyuge ( id_conyuge );
ALTER TABLE historial_postulacion
    ADD CONSTRAINT historial_pstlcn_pstlnt_fk FOREIGN KEY ( rut_postulante )
        REFERENCES postulante ( rut_postulante );
ALTER TABLE proceso
    ADD CONSTRAINT proceso_ficha_pstlcn_fk FOREIGN KEY ( id_ficha )
        REFERENCES ficha_postulacion ( id_ficha );
ALTER TABLE ubicacion_preferencia
    ADD CONSTRAINT ubccn_prfrnc_ficha_pstlcn_fk FOREIGN KEY ( id_ficha )
        REFERENCES ficha_postulacion ( id_ficha );
ALTER TABLE vivienda
    ADD CONSTRAINT vivienda_informe_tecnico_fk FOREIGN KEY ( id_informe )
        REFERENCES informe_tecnico ( id_informe );
ALTER TABLE vivienda
    ADD CONSTRAINT vivienda_propietario_fk FOREIGN KEY ( rut_propietario )
        REFERENCES propietario ( rut_propietario );
ALTER TABLE vivienda
    ADD CONSTRAINT vvnd_estadoconserv_fk FOREIGN KEY ( id_estado )
        REFERENCES estado_conservacion_vivienda ( id_estado );
ALTER TABLE POSTULANTE
    ADD CONSTRAINT post_ecivil_fk FOREIGN KEY (ID_ESTADOCIVIL)
        REFERENCES ESTADO_CIVIL (ID_ESTADOCIVIL);
ALTER TABLE POSTULANTE
    ADD CONSTRAINT post_indigena_fk FOREIGN KEY (ID_PUEBLO)
        REFERENCES PUEBLO_INDIGENA (ID_PUEBLO);
ALTER TABLE VIVIENDA
    ADD CONSTRAINT vivienda_region_fk FOREIGN KEY (id_region)
        REFERENCES region (id_region);

Prompt ******  INSERTANDO DATOS REGION ....
Prompt ******  INSERTANDO DATOS REGION ....
Prompt ******  INSERTANDO DATOS REGION ....
Prompt ******  INSERTANDO DATOS REGION ....
INSERT INTO REGION (ID_REGION, NOMBRE_REGION) VALUES (1,'Arica y Parinacota');
INSERT INTO REGION (ID_REGION, NOMBRE_REGION) VALUES (2,'Tarapacá');
INSERT INTO REGION (ID_REGION, NOMBRE_REGION) VALUES (3,'Antofagasta');
INSERT INTO REGION (ID_REGION, NOMBRE_REGION) VALUES (4,'Atacama');
INSERT INTO REGION (ID_REGION, NOMBRE_REGION) VALUES (5,'Coquimbo');
INSERT INTO REGION (ID_REGION, NOMBRE_REGION) VALUES (6,'Valparaiso');
INSERT INTO REGION (ID_REGION, NOMBRE_REGION) VALUES (7,'Metropolitana de Santiago');
INSERT INTO REGION (ID_REGION, NOMBRE_REGION) VALUES (8,'Libertador General Bernardo Higgins');
INSERT INTO REGION (ID_REGION, NOMBRE_REGION) VALUES (9,'Maule');
INSERT INTO REGION (ID_REGION, NOMBRE_REGION) VALUES (10,'Ñuble');
INSERT INTO REGION (ID_REGION, NOMBRE_REGION) VALUES (11,'Biobío');
INSERT INTO REGION (ID_REGION, NOMBRE_REGION) VALUES (12,'La Araucanía');
INSERT INTO REGION (ID_REGION, NOMBRE_REGION) VALUES (13,'Los Ríos');
INSERT INTO REGION (ID_REGION, NOMBRE_REGION) VALUES (14,'Los Lagos');
INSERT INTO REGION (ID_REGION, NOMBRE_REGION) VALUES (15,'Aisén del General Carlos Ibáñez del Campo');
INSERT INTO REGION (ID_REGION, NOMBRE_REGION) VALUES (16,'Magallanes y de la Antártica Chilena');

Prompt ******  INSERTANDO DATOS COMUNA ....
Prompt ******  INSERTANDO DATOS COMUNA ....
Prompt ******  INSERTANDO DATOS COMUNA ....
Prompt ******  INSERTANDO DATOS COMUNA ....

INSERT INTO COMUNA (ID_COMUNA,NOMBRE_COMUNA,ID_REGION) VALUES (13,'Mejillones',3);
INSERT INTO COMUNA (ID_COMUNA,NOMBRE_COMUNA,ID_REGION) VALUES (14,'Sierra Gorda',3);
INSERT INTO COMUNA (ID_COMUNA,NOMBRE_COMUNA,ID_REGION) VALUES (15,'Taltal',3);
INSERT INTO COMUNA (ID_COMUNA,NOMBRE_COMUNA,ID_REGION) VALUES (16,'Calama',3);
INSERT INTO COMUNA (ID_COMUNA,NOMBRE_COMUNA,ID_REGION) VALUES (17,'Ollague',3);
INSERT INTO COMUNA (ID_COMUNA,NOMBRE_COMUNA,ID_REGION) VALUES (18,'San Pedro de Atacama',3);
INSERT INTO COMUNA (ID_COMUNA,NOMBRE_COMUNA,ID_REGION) VALUES (19,'María Elena',3);
INSERT INTO COMUNA (ID_COMUNA,NOMBRE_COMUNA,ID_REGION) VALUES (20,'Tocopilla',3);
INSERT INTO COMUNA (ID_COMUNA,NOMBRE_COMUNA,ID_REGION) VALUES (21,'Chañaral',4);
INSERT INTO COMUNA (ID_COMUNA,NOMBRE_COMUNA,ID_REGION) VALUES (22,'Diego de Almagro',4);
INSERT INTO COMUNA (ID_COMUNA,NOMBRE_COMUNA,ID_REGION) VALUES (23,'Caldera',4);
INSERT INTO COMUNA (ID_COMUNA,NOMBRE_COMUNA,ID_REGION) VALUES (24,'Copiapó',4);
INSERT INTO COMUNA (ID_COMUNA,NOMBRE_COMUNA,ID_REGION) VALUES (25,'Tierra Amarilla',4);
INSERT INTO COMUNA (ID_COMUNA,NOMBRE_COMUNA,ID_REGION) VALUES (26,'Alto del Carmen',4);
INSERT INTO COMUNA (ID_COMUNA,NOMBRE_COMUNA,ID_REGION) VALUES (27,'Freirina',4);
INSERT INTO COMUNA (ID_COMUNA,NOMBRE_COMUNA,ID_REGION) VALUES (28,'Huasco',4);
INSERT INTO COMUNA (ID_COMUNA,NOMBRE_COMUNA,ID_REGION) VALUES (29,'Vallenar',4);
INSERT INTO COMUNA (ID_COMUNA,NOMBRE_COMUNA,ID_REGION) VALUES (30,'Canela',5);
INSERT INTO COMUNA (ID_COMUNA,NOMBRE_COMUNA,ID_REGION) VALUES (31,'Illapel',5);
INSERT INTO COMUNA (ID_COMUNA,NOMBRE_COMUNA,ID_REGION) VALUES (32,'Los Vilos',5);
INSERT INTO COMUNA (ID_COMUNA,NOMBRE_COMUNA,ID_REGION) VALUES (33,'Salamanca',5);
INSERT INTO COMUNA (ID_COMUNA,NOMBRE_COMUNA,ID_REGION) VALUES (34,'Andacollo',5);
INSERT INTO COMUNA (ID_COMUNA,NOMBRE_COMUNA,ID_REGION) VALUES (35,'Coquimbo',5);
INSERT INTO COMUNA (ID_COMUNA,NOMBRE_COMUNA,ID_REGION) VALUES (36,'La Higuera',5);
INSERT INTO COMUNA (ID_COMUNA,NOMBRE_COMUNA,ID_REGION) VALUES (37,'La Serena',5);
INSERT INTO COMUNA (ID_COMUNA,NOMBRE_COMUNA,ID_REGION) VALUES (38,'Paihuaco',5);
INSERT INTO COMUNA (ID_COMUNA,NOMBRE_COMUNA,ID_REGION) VALUES (39,'Vicuña',5);
INSERT INTO COMUNA (ID_COMUNA,NOMBRE_COMUNA,ID_REGION) VALUES (40,'Combarbalá',5);
INSERT INTO COMUNA (ID_COMUNA,NOMBRE_COMUNA,ID_REGION) VALUES (41,'Monte Patria',5);
INSERT INTO COMUNA (ID_COMUNA,NOMBRE_COMUNA,ID_REGION) VALUES (42,'Ovalle',5);
INSERT INTO COMUNA (ID_COMUNA,NOMBRE_COMUNA,ID_REGION) VALUES (43,'Punitaqui',5);
INSERT INTO COMUNA (ID_COMUNA,NOMBRE_COMUNA,ID_REGION) VALUES (44,'Río Hurtado',5);
INSERT INTO COMUNA (ID_COMUNA,NOMBRE_COMUNA,ID_REGION) VALUES (45,'Isla de Pascua',6);
INSERT INTO COMUNA (ID_COMUNA,NOMBRE_COMUNA,ID_REGION) VALUES (46,'Calle Larga',6);
INSERT INTO COMUNA (ID_COMUNA,NOMBRE_COMUNA,ID_REGION) VALUES (47,'Los Andes',6);
INSERT INTO COMUNA (ID_COMUNA,NOMBRE_COMUNA,ID_REGION) VALUES (48,'Rinconada',6);
INSERT INTO COMUNA (ID_COMUNA,NOMBRE_COMUNA,ID_REGION) VALUES (49,'San Esteban',6);
INSERT INTO COMUNA (ID_COMUNA,NOMBRE_COMUNA,ID_REGION) VALUES (50,'La Ligua',6);
INSERT INTO COMUNA (ID_COMUNA,NOMBRE_COMUNA,ID_REGION) VALUES (51,'Papudo',6);
INSERT INTO COMUNA (ID_COMUNA,NOMBRE_COMUNA,ID_REGION) VALUES (52,'Petorca',6);
INSERT INTO COMUNA (ID_COMUNA,NOMBRE_COMUNA,ID_REGION) VALUES (53,'Zapallar',6);
INSERT INTO COMUNA (ID_COMUNA,NOMBRE_COMUNA,ID_REGION) VALUES (54,'Hijuelas',6);
INSERT INTO COMUNA (ID_COMUNA,NOMBRE_COMUNA,ID_REGION) VALUES (55,'La Calera',6);
INSERT INTO COMUNA (ID_COMUNA,NOMBRE_COMUNA,ID_REGION) VALUES (56,'La Cruz',6);
INSERT INTO COMUNA (ID_COMUNA,NOMBRE_COMUNA,ID_REGION) VALUES (57,'Limache',6);
INSERT INTO COMUNA (ID_COMUNA,NOMBRE_COMUNA,ID_REGION) VALUES (58,'Nogales',6);
INSERT INTO COMUNA (ID_COMUNA,NOMBRE_COMUNA,ID_REGION) VALUES (59,'Olmué',6);
INSERT INTO COMUNA (ID_COMUNA,NOMBRE_COMUNA,ID_REGION) VALUES (60,'Quillota',6);
INSERT INTO COMUNA (ID_COMUNA,NOMBRE_COMUNA,ID_REGION) VALUES (61,'Algarrobo',6);
INSERT INTO COMUNA (ID_COMUNA,NOMBRE_COMUNA,ID_REGION) VALUES (62,'Cartagena',6);
INSERT INTO COMUNA (ID_COMUNA,NOMBRE_COMUNA,ID_REGION) VALUES (63,'El Quisco',6);
INSERT INTO COMUNA (ID_COMUNA,NOMBRE_COMUNA,ID_REGION) VALUES (64,'El Tabo',6);
INSERT INTO COMUNA (ID_COMUNA,NOMBRE_COMUNA,ID_REGION) VALUES (65,'San Antonio',6);
INSERT INTO COMUNA (ID_COMUNA,NOMBRE_COMUNA,ID_REGION) VALUES (66,'Santo Domingo',6);
INSERT INTO COMUNA (ID_COMUNA,NOMBRE_COMUNA,ID_REGION) VALUES (67,'Catemu',6);
INSERT INTO COMUNA (ID_COMUNA,NOMBRE_COMUNA,ID_REGION) VALUES (68,'Llaillay',6);
INSERT INTO COMUNA (ID_COMUNA,NOMBRE_COMUNA,ID_REGION) VALUES (69,'Panquehue',6);
INSERT INTO COMUNA (ID_COMUNA,NOMBRE_COMUNA,ID_REGION) VALUES (70,'Putaendo',6);
INSERT INTO COMUNA (ID_COMUNA,NOMBRE_COMUNA,ID_REGION) VALUES (71,'San Felipe',6);
INSERT INTO COMUNA (ID_COMUNA,NOMBRE_COMUNA,ID_REGION) VALUES (72,'Santa María',6);
INSERT INTO COMUNA (ID_COMUNA,NOMBRE_COMUNA,ID_REGION) VALUES (73,'Casablanca',6);
INSERT INTO COMUNA (ID_COMUNA,NOMBRE_COMUNA,ID_REGION) VALUES (74,'Concón',6);
INSERT INTO COMUNA (ID_COMUNA,NOMBRE_COMUNA,ID_REGION) VALUES (75,'Juan Fernández',6);
INSERT INTO COMUNA (ID_COMUNA,NOMBRE_COMUNA,ID_REGION) VALUES (76,'Puchuncaví',6);
INSERT INTO COMUNA (ID_COMUNA,NOMBRE_COMUNA,ID_REGION) VALUES (77,'Quilpué',6);
INSERT INTO COMUNA (ID_COMUNA,NOMBRE_COMUNA,ID_REGION) VALUES (78,'Quintero',6);
INSERT INTO COMUNA (ID_COMUNA,NOMBRE_COMUNA,ID_REGION) VALUES (79,'Valparaíso',6);
INSERT INTO COMUNA (ID_COMUNA,NOMBRE_COMUNA,ID_REGION) VALUES (80,'Villa Alemana',6);
INSERT INTO COMUNA (ID_COMUNA,NOMBRE_COMUNA,ID_REGION) VALUES (81,'Viña del Mar',6);
INSERT INTO COMUNA (ID_COMUNA,NOMBRE_COMUNA,ID_REGION) VALUES (82,'Colina',7);
INSERT INTO COMUNA (ID_COMUNA,NOMBRE_COMUNA,ID_REGION) VALUES (83,'Lampa',7);
INSERT INTO COMUNA (ID_COMUNA,NOMBRE_COMUNA,ID_REGION) VALUES (84,'Tiltil',7);
INSERT INTO COMUNA (ID_COMUNA,NOMBRE_COMUNA,ID_REGION) VALUES (85,'Pirque',7);
INSERT INTO COMUNA (ID_COMUNA,NOMBRE_COMUNA,ID_REGION) VALUES (86,'Puente Alto',7);
INSERT INTO COMUNA (ID_COMUNA,NOMBRE_COMUNA,ID_REGION) VALUES (87,'San José de Maipo',7);
INSERT INTO COMUNA (ID_COMUNA,NOMBRE_COMUNA,ID_REGION) VALUES (88,'Buin',7);
INSERT INTO COMUNA (ID_COMUNA,NOMBRE_COMUNA,ID_REGION) VALUES (89,'Calera de Tango',7);
INSERT INTO COMUNA (ID_COMUNA,NOMBRE_COMUNA,ID_REGION) VALUES (90,'Paine',7);
INSERT INTO COMUNA (ID_COMUNA,NOMBRE_COMUNA,ID_REGION) VALUES (91,'San Bernardo',7);
INSERT INTO COMUNA (ID_COMUNA,NOMBRE_COMUNA,ID_REGION) VALUES (92,'Alhué',7);
INSERT INTO COMUNA (ID_COMUNA,NOMBRE_COMUNA,ID_REGION) VALUES (93,'Curacaví',7);
INSERT INTO COMUNA (ID_COMUNA,NOMBRE_COMUNA,ID_REGION) VALUES (94,'María Pinto',7);
INSERT INTO COMUNA (ID_COMUNA,NOMBRE_COMUNA,ID_REGION) VALUES (95,'Melipilla',7);
INSERT INTO COMUNA (ID_COMUNA,NOMBRE_COMUNA,ID_REGION) VALUES (96,'San Pedro',7);
INSERT INTO COMUNA (ID_COMUNA,NOMBRE_COMUNA,ID_REGION) VALUES (97,'Cerrillos',7);
INSERT INTO COMUNA (ID_COMUNA,NOMBRE_COMUNA,ID_REGION) VALUES (98,'Cerro Navia',7);
INSERT INTO COMUNA (ID_COMUNA,NOMBRE_COMUNA,ID_REGION) VALUES (99,'Conchalí',7);
INSERT INTO COMUNA (ID_COMUNA,NOMBRE_COMUNA,ID_REGION) VALUES (100,'El Bosque',7);
INSERT INTO COMUNA (ID_COMUNA,NOMBRE_COMUNA,ID_REGION) VALUES (101,'Estación Central',7);
INSERT INTO COMUNA (ID_COMUNA,NOMBRE_COMUNA,ID_REGION) VALUES (102,'Huechuraba',7);
INSERT INTO COMUNA (ID_COMUNA,NOMBRE_COMUNA,ID_REGION) VALUES (103,'Independencia',7);
INSERT INTO COMUNA (ID_COMUNA,NOMBRE_COMUNA,ID_REGION) VALUES (104,'La Cisterna',7);
INSERT INTO COMUNA (ID_COMUNA,NOMBRE_COMUNA,ID_REGION) VALUES (105,'La Granja',7);
INSERT INTO COMUNA (ID_COMUNA,NOMBRE_COMUNA,ID_REGION) VALUES (106,'La Florida',7);
INSERT INTO COMUNA (ID_COMUNA,NOMBRE_COMUNA,ID_REGION) VALUES (107,'La Pintana',7);
INSERT INTO COMUNA (ID_COMUNA,NOMBRE_COMUNA,ID_REGION) VALUES (108,'La Reina',7);
INSERT INTO COMUNA (ID_COMUNA,NOMBRE_COMUNA,ID_REGION) VALUES (109,'Las Condes',7);
INSERT INTO COMUNA (ID_COMUNA,NOMBRE_COMUNA,ID_REGION) VALUES (110,'Lo Barnechea',7);
INSERT INTO COMUNA (ID_COMUNA,NOMBRE_COMUNA,ID_REGION) VALUES (111,'Lo Espejo',7);
INSERT INTO COMUNA (ID_COMUNA,NOMBRE_COMUNA,ID_REGION) VALUES (112,'Lo Prado',7);
INSERT INTO COMUNA (ID_COMUNA,NOMBRE_COMUNA,ID_REGION) VALUES (113,'Macul',7);
INSERT INTO COMUNA (ID_COMUNA,NOMBRE_COMUNA,ID_REGION) VALUES (114,'Maipú',7);
INSERT INTO COMUNA (ID_COMUNA,NOMBRE_COMUNA,ID_REGION) VALUES (115,'Ñuñoa',7);
INSERT INTO COMUNA (ID_COMUNA,NOMBRE_COMUNA,ID_REGION) VALUES (116,'Pedro Aguirre Cerda',7);
INSERT INTO COMUNA (ID_COMUNA,NOMBRE_COMUNA,ID_REGION) VALUES (117,'Peñalolén',7);
INSERT INTO COMUNA (ID_COMUNA,NOMBRE_COMUNA,ID_REGION) VALUES (118,'Providencia',7);
INSERT INTO COMUNA (ID_COMUNA,NOMBRE_COMUNA,ID_REGION) VALUES (119,'Pudahuel',7);
INSERT INTO COMUNA (ID_COMUNA,NOMBRE_COMUNA,ID_REGION) VALUES (120,'Quilicura',7);
INSERT INTO COMUNA (ID_COMUNA,NOMBRE_COMUNA,ID_REGION) VALUES (121,'Quinta Normal',7);
INSERT INTO COMUNA (ID_COMUNA,NOMBRE_COMUNA,ID_REGION) VALUES (122,'Recoleta',7);
INSERT INTO COMUNA (ID_COMUNA,NOMBRE_COMUNA,ID_REGION) VALUES (123,'Renca',7);
INSERT INTO COMUNA (ID_COMUNA,NOMBRE_COMUNA,ID_REGION) VALUES (124,'San Miguel',7);
INSERT INTO COMUNA (ID_COMUNA,NOMBRE_COMUNA,ID_REGION) VALUES (125,'San Joaquín',7);
INSERT INTO COMUNA (ID_COMUNA,NOMBRE_COMUNA,ID_REGION) VALUES (126,'San Ramón',7);
INSERT INTO COMUNA (ID_COMUNA,NOMBRE_COMUNA,ID_REGION) VALUES (127,'Santiago',7);
INSERT INTO COMUNA (ID_COMUNA,NOMBRE_COMUNA,ID_REGION) VALUES (128,'Vitacura',7);
INSERT INTO COMUNA (ID_COMUNA,NOMBRE_COMUNA,ID_REGION) VALUES (129,'El Monte',7);
INSERT INTO COMUNA (ID_COMUNA,NOMBRE_COMUNA,ID_REGION) VALUES (130,'Isla de Maipo',7);
INSERT INTO COMUNA (ID_COMUNA,NOMBRE_COMUNA,ID_REGION) VALUES (131,'Padre Hurtado',7);
INSERT INTO COMUNA (ID_COMUNA,NOMBRE_COMUNA,ID_REGION) VALUES (132,'Peñaflor',7);
INSERT INTO COMUNA (ID_COMUNA,NOMBRE_COMUNA,ID_REGION) VALUES (133,'Talagante',7);
INSERT INTO COMUNA (ID_COMUNA,NOMBRE_COMUNA,ID_REGION) VALUES (134,'Codegua',8);
INSERT INTO COMUNA (ID_COMUNA,NOMBRE_COMUNA,ID_REGION) VALUES (135,'Coínco',8);
INSERT INTO COMUNA (ID_COMUNA,NOMBRE_COMUNA,ID_REGION) VALUES (136,'Coltauco',8);
INSERT INTO COMUNA (ID_COMUNA,NOMBRE_COMUNA,ID_REGION) VALUES (137,'Doñihue',8);
INSERT INTO COMUNA (ID_COMUNA,NOMBRE_COMUNA,ID_REGION) VALUES (138,'Graneros',8);
INSERT INTO COMUNA (ID_COMUNA,NOMBRE_COMUNA,ID_REGION) VALUES (139,'Las Cabras',8);
INSERT INTO COMUNA (ID_COMUNA,NOMBRE_COMUNA,ID_REGION) VALUES (140,'Machalí',8);
INSERT INTO COMUNA (ID_COMUNA,NOMBRE_COMUNA,ID_REGION) VALUES (141,'Malloa',8);
INSERT INTO COMUNA (ID_COMUNA,NOMBRE_COMUNA,ID_REGION) VALUES (142,'Mostazal',8);
INSERT INTO COMUNA (ID_COMUNA,NOMBRE_COMUNA,ID_REGION) VALUES (143,'Olivar',8);
INSERT INTO COMUNA (ID_COMUNA,NOMBRE_COMUNA,ID_REGION) VALUES (144,'Peumo',8);
INSERT INTO COMUNA (ID_COMUNA,NOMBRE_COMUNA,ID_REGION) VALUES (145,'Pichidegua',8);
INSERT INTO COMUNA (ID_COMUNA,NOMBRE_COMUNA,ID_REGION) VALUES (146,'Quinta de Tilcoco',8);
INSERT INTO COMUNA (ID_COMUNA,NOMBRE_COMUNA,ID_REGION) VALUES (147,'Rancagua',8);
INSERT INTO COMUNA (ID_COMUNA,NOMBRE_COMUNA,ID_REGION) VALUES (148,'Rengo',8);
INSERT INTO COMUNA (ID_COMUNA,NOMBRE_COMUNA,ID_REGION) VALUES (149,'Requínoa',8);
INSERT INTO COMUNA (ID_COMUNA,NOMBRE_COMUNA,ID_REGION) VALUES (150,'San Vicente de Tagua Tagua',8);
INSERT INTO COMUNA (ID_COMUNA,NOMBRE_COMUNA,ID_REGION) VALUES (151,'La Estrella',8);
INSERT INTO COMUNA (ID_COMUNA,NOMBRE_COMUNA,ID_REGION) VALUES (152,'Litueche',8);
INSERT INTO COMUNA (ID_COMUNA,NOMBRE_COMUNA,ID_REGION) VALUES (153,'Marchihue',8);
INSERT INTO COMUNA (ID_COMUNA,NOMBRE_COMUNA,ID_REGION) VALUES (154,'Navidad',8);
INSERT INTO COMUNA (ID_COMUNA,NOMBRE_COMUNA,ID_REGION) VALUES (155,'Peredones',8);
INSERT INTO COMUNA (ID_COMUNA,NOMBRE_COMUNA,ID_REGION) VALUES (156,'Pichilemu',8);
INSERT INTO COMUNA (ID_COMUNA,NOMBRE_COMUNA,ID_REGION) VALUES (157,'Chépica',8);
INSERT INTO COMUNA (ID_COMUNA,NOMBRE_COMUNA,ID_REGION) VALUES (158,'Chimbarongo',8);
INSERT INTO COMUNA (ID_COMUNA,NOMBRE_COMUNA,ID_REGION) VALUES (159,'Lolol',8);
INSERT INTO COMUNA (ID_COMUNA,NOMBRE_COMUNA,ID_REGION) VALUES (160,'Nancagua',8);
INSERT INTO COMUNA (ID_COMUNA,NOMBRE_COMUNA,ID_REGION) VALUES (161,'Palmilla',8);
INSERT INTO COMUNA (ID_COMUNA,NOMBRE_COMUNA,ID_REGION) VALUES (162,'Peralillo',8);
INSERT INTO COMUNA (ID_COMUNA,NOMBRE_COMUNA,ID_REGION) VALUES (163,'Placilla',8);
INSERT INTO COMUNA (ID_COMUNA,NOMBRE_COMUNA,ID_REGION) VALUES (164,'Pumanque',8);
INSERT INTO COMUNA (ID_COMUNA,NOMBRE_COMUNA,ID_REGION) VALUES (165,'San Fernando',8);
INSERT INTO COMUNA (ID_COMUNA,NOMBRE_COMUNA,ID_REGION) VALUES (166,'Santa Cruz',8);
INSERT INTO COMUNA (ID_COMUNA,NOMBRE_COMUNA,ID_REGION) VALUES (167,'Cauquenes',9);
INSERT INTO COMUNA (ID_COMUNA,NOMBRE_COMUNA,ID_REGION) VALUES (168,'Chanco',9);
INSERT INTO COMUNA (ID_COMUNA,NOMBRE_COMUNA,ID_REGION) VALUES (169,'Pelluhue',9);
INSERT INTO COMUNA (ID_COMUNA,NOMBRE_COMUNA,ID_REGION) VALUES (170,'Curicó',9);
INSERT INTO COMUNA (ID_COMUNA,NOMBRE_COMUNA,ID_REGION) VALUES (171,'Hualañé',9);
INSERT INTO COMUNA (ID_COMUNA,NOMBRE_COMUNA,ID_REGION) VALUES (172,'Licantén',9);
INSERT INTO COMUNA (ID_COMUNA,NOMBRE_COMUNA,ID_REGION) VALUES (173,'Molina',9);
INSERT INTO COMUNA (ID_COMUNA,NOMBRE_COMUNA,ID_REGION) VALUES (174,'Rauco',9);
INSERT INTO COMUNA (ID_COMUNA,NOMBRE_COMUNA,ID_REGION) VALUES (175,'Romeral',9);
INSERT INTO COMUNA (ID_COMUNA,NOMBRE_COMUNA,ID_REGION) VALUES (176,'Sagrada Familia',9);
INSERT INTO COMUNA (ID_COMUNA,NOMBRE_COMUNA,ID_REGION) VALUES (177,'Teno',9);
INSERT INTO COMUNA (ID_COMUNA,NOMBRE_COMUNA,ID_REGION) VALUES (178,'Vichuquén',9);
INSERT INTO COMUNA (ID_COMUNA,NOMBRE_COMUNA,ID_REGION) VALUES (179,'Colbún',9);
INSERT INTO COMUNA (ID_COMUNA,NOMBRE_COMUNA,ID_REGION) VALUES (180,'Linares',9);
INSERT INTO COMUNA (ID_COMUNA,NOMBRE_COMUNA,ID_REGION) VALUES (181,'Longaví',9);
INSERT INTO COMUNA (ID_COMUNA,NOMBRE_COMUNA,ID_REGION) VALUES (182,'Parral',9);
INSERT INTO COMUNA (ID_COMUNA,NOMBRE_COMUNA,ID_REGION) VALUES (183,'Retiro',9);
INSERT INTO COMUNA (ID_COMUNA,NOMBRE_COMUNA,ID_REGION) VALUES (184,'San Javier',9);
INSERT INTO COMUNA (ID_COMUNA,NOMBRE_COMUNA,ID_REGION) VALUES (185,'Villa Alegre',9);
INSERT INTO COMUNA (ID_COMUNA,NOMBRE_COMUNA,ID_REGION) VALUES (186,'Yerbas Buenas',9);
INSERT INTO COMUNA (ID_COMUNA,NOMBRE_COMUNA,ID_REGION) VALUES (187,'Constitución',9);
INSERT INTO COMUNA (ID_COMUNA,NOMBRE_COMUNA,ID_REGION) VALUES (188,'Curepto',9);
INSERT INTO COMUNA (ID_COMUNA,NOMBRE_COMUNA,ID_REGION) VALUES (189,'Empedrado',9);
INSERT INTO COMUNA (ID_COMUNA,NOMBRE_COMUNA,ID_REGION) VALUES (190,'Maule',9);
INSERT INTO COMUNA (ID_COMUNA,NOMBRE_COMUNA,ID_REGION) VALUES (191,'Pelarco',9);
INSERT INTO COMUNA (ID_COMUNA,NOMBRE_COMUNA,ID_REGION) VALUES (192,'Pencahue',9);
INSERT INTO COMUNA (ID_COMUNA,NOMBRE_COMUNA,ID_REGION) VALUES (193,'Río Claro',9);
INSERT INTO COMUNA (ID_COMUNA,NOMBRE_COMUNA,ID_REGION) VALUES (194,'San Clemente',9);
INSERT INTO COMUNA (ID_COMUNA,NOMBRE_COMUNA,ID_REGION) VALUES (195,'San Rafael',9);
INSERT INTO COMUNA (ID_COMUNA,NOMBRE_COMUNA,ID_REGION) VALUES (196,'Talca',9);
INSERT INTO COMUNA (ID_COMUNA,NOMBRE_COMUNA,ID_REGION) VALUES (197,'Bulnes',10);
INSERT INTO COMUNA (ID_COMUNA,NOMBRE_COMUNA,ID_REGION) VALUES (198,'Chillán',10);
INSERT INTO COMUNA (ID_COMUNA,NOMBRE_COMUNA,ID_REGION) VALUES (199,'Chillán Viejo',10);
INSERT INTO COMUNA (ID_COMUNA,NOMBRE_COMUNA,ID_REGION) VALUES (200,'Cobquecura',10);
INSERT INTO COMUNA (ID_COMUNA,NOMBRE_COMUNA,ID_REGION) VALUES (201,'Coelemu',10);
INSERT INTO COMUNA (ID_COMUNA,NOMBRE_COMUNA,ID_REGION) VALUES (202,'Coihueco',10);
INSERT INTO COMUNA (ID_COMUNA,NOMBRE_COMUNA,ID_REGION) VALUES (203,'El Carmen',10);
INSERT INTO COMUNA (ID_COMUNA,NOMBRE_COMUNA,ID_REGION) VALUES (204,'Ninhue',10);
INSERT INTO COMUNA (ID_COMUNA,NOMBRE_COMUNA,ID_REGION) VALUES (205,'Ñiquen',10);
INSERT INTO COMUNA (ID_COMUNA,NOMBRE_COMUNA,ID_REGION) VALUES (206,'Pemuco',10);
INSERT INTO COMUNA (ID_COMUNA,NOMBRE_COMUNA,ID_REGION) VALUES (207,'Pinto',10);
INSERT INTO COMUNA (ID_COMUNA,NOMBRE_COMUNA,ID_REGION) VALUES (208,'Portezuelo',10);
INSERT INTO COMUNA (ID_COMUNA,NOMBRE_COMUNA,ID_REGION) VALUES (209,'Quirihue',10);
INSERT INTO COMUNA (ID_COMUNA,NOMBRE_COMUNA,ID_REGION) VALUES (210,'Ránquil',10);
INSERT INTO COMUNA (ID_COMUNA,NOMBRE_COMUNA,ID_REGION) VALUES (211,'Treguaco',10);
INSERT INTO COMUNA (ID_COMUNA,NOMBRE_COMUNA,ID_REGION) VALUES (212,'Quillón',10);
INSERT INTO COMUNA (ID_COMUNA,NOMBRE_COMUNA,ID_REGION) VALUES (213,'San Carlos',10);
INSERT INTO COMUNA (ID_COMUNA,NOMBRE_COMUNA,ID_REGION) VALUES (214,'San Fabián',10);
INSERT INTO COMUNA (ID_COMUNA,NOMBRE_COMUNA,ID_REGION) VALUES (215,'San Ignacio',10);
INSERT INTO COMUNA (ID_COMUNA,NOMBRE_COMUNA,ID_REGION) VALUES (216,'San Nicolás',10);
INSERT INTO COMUNA (ID_COMUNA,NOMBRE_COMUNA,ID_REGION) VALUES (217,'Yungay',10);
INSERT INTO COMUNA (ID_COMUNA,NOMBRE_COMUNA,ID_REGION) VALUES (218,'Arauco',11);
INSERT INTO COMUNA (ID_COMUNA,NOMBRE_COMUNA,ID_REGION) VALUES (219,'Cañete',11);
INSERT INTO COMUNA (ID_COMUNA,NOMBRE_COMUNA,ID_REGION) VALUES (220,'Contulmo',11);
INSERT INTO COMUNA (ID_COMUNA,NOMBRE_COMUNA,ID_REGION) VALUES (221,'Curanilahue',11);
INSERT INTO COMUNA (ID_COMUNA,NOMBRE_COMUNA,ID_REGION) VALUES (222,'Lebu',11);
INSERT INTO COMUNA (ID_COMUNA,NOMBRE_COMUNA,ID_REGION) VALUES (223,'Los Álamos',11);
INSERT INTO COMUNA (ID_COMUNA,NOMBRE_COMUNA,ID_REGION) VALUES (224,'Tirúa',11);
INSERT INTO COMUNA (ID_COMUNA,NOMBRE_COMUNA,ID_REGION) VALUES (225,'Alto Biobío',11);
INSERT INTO COMUNA (ID_COMUNA,NOMBRE_COMUNA,ID_REGION) VALUES (226,'Antuco',11);
INSERT INTO COMUNA (ID_COMUNA,NOMBRE_COMUNA,ID_REGION) VALUES (227,'Cabrero',11);
INSERT INTO COMUNA (ID_COMUNA,NOMBRE_COMUNA,ID_REGION) VALUES (228,'Laja',11);
INSERT INTO COMUNA (ID_COMUNA,NOMBRE_COMUNA,ID_REGION) VALUES (229,'Los Ángeles',11);
INSERT INTO COMUNA (ID_COMUNA,NOMBRE_COMUNA,ID_REGION) VALUES (230,'Mulchén',11);
INSERT INTO COMUNA (ID_COMUNA,NOMBRE_COMUNA,ID_REGION) VALUES (231,'Nacimiento',11);
INSERT INTO COMUNA (ID_COMUNA,NOMBRE_COMUNA,ID_REGION) VALUES (232,'Negrete',11);
INSERT INTO COMUNA (ID_COMUNA,NOMBRE_COMUNA,ID_REGION) VALUES (233,'Quilaco',11);
INSERT INTO COMUNA (ID_COMUNA,NOMBRE_COMUNA,ID_REGION) VALUES (234,'Quilleco',11);
INSERT INTO COMUNA (ID_COMUNA,NOMBRE_COMUNA,ID_REGION) VALUES (235,'San Rosendo',11);
INSERT INTO COMUNA (ID_COMUNA,NOMBRE_COMUNA,ID_REGION) VALUES (236,'Santa Bárbara',11);
INSERT INTO COMUNA (ID_COMUNA,NOMBRE_COMUNA,ID_REGION) VALUES (237,'Tucapel',11);
INSERT INTO COMUNA (ID_COMUNA,NOMBRE_COMUNA,ID_REGION) VALUES (238,'Yumbel',11);
INSERT INTO COMUNA (ID_COMUNA,NOMBRE_COMUNA,ID_REGION) VALUES (239,'Chiguayante',11);
INSERT INTO COMUNA (ID_COMUNA,NOMBRE_COMUNA,ID_REGION) VALUES (240,'Concepción',11);
INSERT INTO COMUNA (ID_COMUNA,NOMBRE_COMUNA,ID_REGION) VALUES (241,'Coronel',11);
INSERT INTO COMUNA (ID_COMUNA,NOMBRE_COMUNA,ID_REGION) VALUES (242,'Florida',11);
INSERT INTO COMUNA (ID_COMUNA,NOMBRE_COMUNA,ID_REGION) VALUES (243,'Hualpén',11);
INSERT INTO COMUNA (ID_COMUNA,NOMBRE_COMUNA,ID_REGION) VALUES (244,'Hualqui',11);
INSERT INTO COMUNA (ID_COMUNA,NOMBRE_COMUNA,ID_REGION) VALUES (245,'Lota',11);
INSERT INTO COMUNA (ID_COMUNA,NOMBRE_COMUNA,ID_REGION) VALUES (246,'Penco',11);
INSERT INTO COMUNA (ID_COMUNA,NOMBRE_COMUNA,ID_REGION) VALUES (247,'San Pedro de La Paz',11);
INSERT INTO COMUNA (ID_COMUNA,NOMBRE_COMUNA,ID_REGION) VALUES (248,'Santa Juana',11);
INSERT INTO COMUNA (ID_COMUNA,NOMBRE_COMUNA,ID_REGION) VALUES (249,'Talcahuano',11);
INSERT INTO COMUNA (ID_COMUNA,NOMBRE_COMUNA,ID_REGION) VALUES (250,'Tomé',11);
INSERT INTO COMUNA (ID_COMUNA,NOMBRE_COMUNA,ID_REGION) VALUES (251,'Carahue',12);
INSERT INTO COMUNA (ID_COMUNA,NOMBRE_COMUNA,ID_REGION) VALUES (252,'Cholchol',12);
INSERT INTO COMUNA (ID_COMUNA,NOMBRE_COMUNA,ID_REGION) VALUES (253,'Cunco',12);
INSERT INTO COMUNA (ID_COMUNA,NOMBRE_COMUNA,ID_REGION) VALUES (254,'Curarrehue',12);
INSERT INTO COMUNA (ID_COMUNA,NOMBRE_COMUNA,ID_REGION) VALUES (255,'Freire',12);
INSERT INTO COMUNA (ID_COMUNA,NOMBRE_COMUNA,ID_REGION) VALUES (256,'Galvarino',12);
INSERT INTO COMUNA (ID_COMUNA,NOMBRE_COMUNA,ID_REGION) VALUES (257,'Gorbea',12);
INSERT INTO COMUNA (ID_COMUNA,NOMBRE_COMUNA,ID_REGION) VALUES (258,'Lautaro',12);
INSERT INTO COMUNA (ID_COMUNA,NOMBRE_COMUNA,ID_REGION) VALUES (259,'Loncoche',12);
INSERT INTO COMUNA (ID_COMUNA,NOMBRE_COMUNA,ID_REGION) VALUES (260,'Melipeuco',12);
INSERT INTO COMUNA (ID_COMUNA,NOMBRE_COMUNA,ID_REGION) VALUES (261,'Nueva Imperial',12);
INSERT INTO COMUNA (ID_COMUNA,NOMBRE_COMUNA,ID_REGION) VALUES (262,'Padre Las Casas',12);
INSERT INTO COMUNA (ID_COMUNA,NOMBRE_COMUNA,ID_REGION) VALUES (263,'Perquenco',12);
INSERT INTO COMUNA (ID_COMUNA,NOMBRE_COMUNA,ID_REGION) VALUES (264,'Pitrufquén',12);
INSERT INTO COMUNA (ID_COMUNA,NOMBRE_COMUNA,ID_REGION) VALUES (265,'Pucón',12);
INSERT INTO COMUNA (ID_COMUNA,NOMBRE_COMUNA,ID_REGION) VALUES (266,'Saavedra',12);
INSERT INTO COMUNA (ID_COMUNA,NOMBRE_COMUNA,ID_REGION) VALUES (267,'Temuco',12);
INSERT INTO COMUNA (ID_COMUNA,NOMBRE_COMUNA,ID_REGION) VALUES (268,'Teodoro Schmidt',12);
INSERT INTO COMUNA (ID_COMUNA,NOMBRE_COMUNA,ID_REGION) VALUES (269,'Toltén',12);
INSERT INTO COMUNA (ID_COMUNA,NOMBRE_COMUNA,ID_REGION) VALUES (270,'Vilcún',12);
INSERT INTO COMUNA (ID_COMUNA,NOMBRE_COMUNA,ID_REGION) VALUES (271,'Villarrica',12);
INSERT INTO COMUNA (ID_COMUNA,NOMBRE_COMUNA,ID_REGION) VALUES (272,'Angol',12);
INSERT INTO COMUNA (ID_COMUNA,NOMBRE_COMUNA,ID_REGION) VALUES (273,'Collipulli',12);
INSERT INTO COMUNA (ID_COMUNA,NOMBRE_COMUNA,ID_REGION) VALUES (274,'Curacautín',12);
INSERT INTO COMUNA (ID_COMUNA,NOMBRE_COMUNA,ID_REGION) VALUES (275,'Ercilla',12);
INSERT INTO COMUNA (ID_COMUNA,NOMBRE_COMUNA,ID_REGION) VALUES (276,'Lonquimay',12);
INSERT INTO COMUNA (ID_COMUNA,NOMBRE_COMUNA,ID_REGION) VALUES (277,'Los Sauces',12);
INSERT INTO COMUNA (ID_COMUNA,NOMBRE_COMUNA,ID_REGION) VALUES (278,'Lumaco',12);
INSERT INTO COMUNA (ID_COMUNA,NOMBRE_COMUNA,ID_REGION) VALUES (279,'Purén',12);
INSERT INTO COMUNA (ID_COMUNA,NOMBRE_COMUNA,ID_REGION) VALUES (280,'Renaico',12);
INSERT INTO COMUNA (ID_COMUNA,NOMBRE_COMUNA,ID_REGION) VALUES (281,'Traiguén',12);
INSERT INTO COMUNA (ID_COMUNA,NOMBRE_COMUNA,ID_REGION) VALUES (282,'Victoria',12);
INSERT INTO COMUNA (ID_COMUNA,NOMBRE_COMUNA,ID_REGION) VALUES (283,'Corral',13);
INSERT INTO COMUNA (ID_COMUNA,NOMBRE_COMUNA,ID_REGION) VALUES (284,'Lanco',13);
INSERT INTO COMUNA (ID_COMUNA,NOMBRE_COMUNA,ID_REGION) VALUES (285,'Los Lagos',13);
INSERT INTO COMUNA (ID_COMUNA,NOMBRE_COMUNA,ID_REGION) VALUES (286,'Máfil',13);
INSERT INTO COMUNA (ID_COMUNA,NOMBRE_COMUNA,ID_REGION) VALUES (287,'Mariquina',13);
INSERT INTO COMUNA (ID_COMUNA,NOMBRE_COMUNA,ID_REGION) VALUES (288,'Paillaco',13);
INSERT INTO COMUNA (ID_COMUNA,NOMBRE_COMUNA,ID_REGION) VALUES (289,'Panguipulli',13);
INSERT INTO COMUNA (ID_COMUNA,NOMBRE_COMUNA,ID_REGION) VALUES (290,'Valdivia',13);
INSERT INTO COMUNA (ID_COMUNA,NOMBRE_COMUNA,ID_REGION) VALUES (291,'Futrono',13);
INSERT INTO COMUNA (ID_COMUNA,NOMBRE_COMUNA,ID_REGION) VALUES (292,'La Unión',13);
INSERT INTO COMUNA (ID_COMUNA,NOMBRE_COMUNA,ID_REGION) VALUES (293,'Lago Ranco',13);
INSERT INTO COMUNA (ID_COMUNA,NOMBRE_COMUNA,ID_REGION) VALUES (294,'Río Bueno',13);
INSERT INTO COMUNA (ID_COMUNA,NOMBRE_COMUNA,ID_REGION) VALUES (295,'Ancud',14);
INSERT INTO COMUNA (ID_COMUNA,NOMBRE_COMUNA,ID_REGION) VALUES (296,'Castro',14);
INSERT INTO COMUNA (ID_COMUNA,NOMBRE_COMUNA,ID_REGION) VALUES (297,'Chonchi',14);
INSERT INTO COMUNA (ID_COMUNA,NOMBRE_COMUNA,ID_REGION) VALUES (298,'Curaco de Vélez',14);
INSERT INTO COMUNA (ID_COMUNA,NOMBRE_COMUNA,ID_REGION) VALUES (299,'Dalcahue',14);
INSERT INTO COMUNA (ID_COMUNA,NOMBRE_COMUNA,ID_REGION) VALUES (300,'Puqueldón',14);
INSERT INTO COMUNA (ID_COMUNA,NOMBRE_COMUNA,ID_REGION) VALUES (301,'Queilén',14);
INSERT INTO COMUNA (ID_COMUNA,NOMBRE_COMUNA,ID_REGION) VALUES (302,'Quemchi',14);
INSERT INTO COMUNA (ID_COMUNA,NOMBRE_COMUNA,ID_REGION) VALUES (303,'Quellón',14);
INSERT INTO COMUNA (ID_COMUNA,NOMBRE_COMUNA,ID_REGION) VALUES (304,'Quinchao',14);
INSERT INTO COMUNA (ID_COMUNA,NOMBRE_COMUNA,ID_REGION) VALUES (305,'Calbuco',14);
INSERT INTO COMUNA (ID_COMUNA,NOMBRE_COMUNA,ID_REGION) VALUES (306,'Cochamó',14);
INSERT INTO COMUNA (ID_COMUNA,NOMBRE_COMUNA,ID_REGION) VALUES (307,'Fresia',14);
INSERT INTO COMUNA (ID_COMUNA,NOMBRE_COMUNA,ID_REGION) VALUES (308,'Frutillar',14);
INSERT INTO COMUNA (ID_COMUNA,NOMBRE_COMUNA,ID_REGION) VALUES (309,'Llanquihue',14);
INSERT INTO COMUNA (ID_COMUNA,NOMBRE_COMUNA,ID_REGION) VALUES (310,'Los Muermos',14);
INSERT INTO COMUNA (ID_COMUNA,NOMBRE_COMUNA,ID_REGION) VALUES (311,'Maullín',14);
INSERT INTO COMUNA (ID_COMUNA,NOMBRE_COMUNA,ID_REGION) VALUES (312,'Puerto Montt',14);
INSERT INTO COMUNA (ID_COMUNA,NOMBRE_COMUNA,ID_REGION) VALUES (313,'Puerto Varas',14);
INSERT INTO COMUNA (ID_COMUNA,NOMBRE_COMUNA,ID_REGION) VALUES (314,'Osorno',14);
INSERT INTO COMUNA (ID_COMUNA,NOMBRE_COMUNA,ID_REGION) VALUES (315,'Puero Octay',14);
INSERT INTO COMUNA (ID_COMUNA,NOMBRE_COMUNA,ID_REGION) VALUES (316,'Purranque',14);
INSERT INTO COMUNA (ID_COMUNA,NOMBRE_COMUNA,ID_REGION) VALUES (317,'Puyehue',14);
INSERT INTO COMUNA (ID_COMUNA,NOMBRE_COMUNA,ID_REGION) VALUES (318,'Río Negro',14);
INSERT INTO COMUNA (ID_COMUNA,NOMBRE_COMUNA,ID_REGION) VALUES (319,'San Juan de la Costa',14);
INSERT INTO COMUNA (ID_COMUNA,NOMBRE_COMUNA,ID_REGION) VALUES (320,'San Pablo',14);
INSERT INTO COMUNA (ID_COMUNA,NOMBRE_COMUNA,ID_REGION) VALUES (321,'Chaitén',14);
INSERT INTO COMUNA (ID_COMUNA,NOMBRE_COMUNA,ID_REGION) VALUES (322,'Futaleufú',14);
INSERT INTO COMUNA (ID_COMUNA,NOMBRE_COMUNA,ID_REGION) VALUES (323,'Hualaihué',14);
INSERT INTO COMUNA (ID_COMUNA,NOMBRE_COMUNA,ID_REGION) VALUES (324,'Palena',14);
INSERT INTO COMUNA (ID_COMUNA,NOMBRE_COMUNA,ID_REGION) VALUES (325,'Aisén',15);
INSERT INTO COMUNA (ID_COMUNA,NOMBRE_COMUNA,ID_REGION) VALUES (326,'Cisnes',15);
INSERT INTO COMUNA (ID_COMUNA,NOMBRE_COMUNA,ID_REGION) VALUES (327,'Guaitecas',15);
INSERT INTO COMUNA (ID_COMUNA,NOMBRE_COMUNA,ID_REGION) VALUES (328,'Cochrane',15);
INSERT INTO COMUNA (ID_COMUNA,NOMBRE_COMUNA,ID_REGION) VALUES (329,'higgins',15);
INSERT INTO COMUNA (ID_COMUNA,NOMBRE_COMUNA,ID_REGION) VALUES (330,'Tortel',15);
INSERT INTO COMUNA (ID_COMUNA,NOMBRE_COMUNA,ID_REGION) VALUES (331,'Coihaique',15);
INSERT INTO COMUNA (ID_COMUNA,NOMBRE_COMUNA,ID_REGION) VALUES (332,'Lago Verde',15);
INSERT INTO COMUNA (ID_COMUNA,NOMBRE_COMUNA,ID_REGION) VALUES (333,'Chile Chico',15);
INSERT INTO COMUNA (ID_COMUNA,NOMBRE_COMUNA,ID_REGION) VALUES (334,'Río Ibáñez',15);
INSERT INTO COMUNA (ID_COMUNA,NOMBRE_COMUNA,ID_REGION) VALUES (335,'Antártica',16);
INSERT INTO COMUNA (ID_COMUNA,NOMBRE_COMUNA,ID_REGION) VALUES (336,'Cabo de Hornos',16);
INSERT INTO COMUNA (ID_COMUNA,NOMBRE_COMUNA,ID_REGION) VALUES (337,'Laguna Blanca',16);
INSERT INTO COMUNA (ID_COMUNA,NOMBRE_COMUNA,ID_REGION) VALUES (338,'Punta Arenas',16);
INSERT INTO COMUNA (ID_COMUNA,NOMBRE_COMUNA,ID_REGION) VALUES (339,'Río Verde',16);
INSERT INTO COMUNA (ID_COMUNA,NOMBRE_COMUNA,ID_REGION) VALUES (340,'San Gregorio',16);
INSERT INTO COMUNA (ID_COMUNA,NOMBRE_COMUNA,ID_REGION) VALUES (341,'Porvenir',16);
INSERT INTO COMUNA (ID_COMUNA,NOMBRE_COMUNA,ID_REGION) VALUES (342,'Primavera',16);
INSERT INTO COMUNA (ID_COMUNA,NOMBRE_COMUNA,ID_REGION) VALUES (343,'Timaukel',16);
INSERT INTO COMUNA (ID_COMUNA,NOMBRE_COMUNA,ID_REGION) VALUES (344,'Natales',16);
INSERT INTO COMUNA (ID_COMUNA,NOMBRE_COMUNA,ID_REGION) VALUES (345,'Torres del Paine',16);
INSERT INTO COMUNA (ID_COMUNA,NOMBRE_COMUNA,ID_REGION) VALUES (346,'Cabildo',6);
INSERT INTO ESTADO_CIVIL VALUES (1,'Casado',100);
INSERT INTO ESTADO_CIVIL VALUES (2,'Viudo',20);
INSERT INTO ESTADO_CIVIL VALUES (3,'Soltero',60);
INSERT INTO ESTADO_CIVIL VALUES (4,'Divorciado',40);
INSERT INTO ESTADO_CIVIL VALUES (5,'Conviviente Civil',80);
-- PUEBLO INDIGENA
INSERT INTO PUEBLO_INDIGENA VALUES (1,'Mapuche',500);
-- POSTULANTE
INSERT INTO POSTULANTE (RUT_POSTULANTE, RUT_TITULAR_CTAHORRO, NOMBRES_POSTULANTE, P_APELLIDO_POSTULANTE, S_APELLIDO_POSTULANTE, FECNAC_POSTULANTE, NACIONALIDAD_POSTULANTE, ID_ESTADOCIVIL, CERT_PERMANENCIA, FEC_CERT_PERMANENCIA_DEF, INICIO_TRAMITE_DIVORCIO, ID_PUEBLO)
values (204016542,204016542,'Oscar','Torres','Sereno','20/04/1996','Argentino',1,'0','3/07/2019',0,null);
INSERT INTO POSTULANTE (RUT_POSTULANTE, RUT_TITULAR_CTAHORRO, NOMBRES_POSTULANTE, P_APELLIDO_POSTULANTE, S_APELLIDO_POSTULANTE, FECNAC_POSTULANTE, NACIONALIDAD_POSTULANTE, ID_ESTADOCIVIL, CERT_PERMANENCIA, FEC_CERT_PERMANENCIA_DEF, INICIO_TRAMITE_DIVORCIO, ID_PUEBLO)
values (204016543,204016543,'Vicente','Ramirez','Gonzalez','20/04/1996','Aleman',2,'0','3/08/2019',1,1);
INSERT INTO POSTULANTE (RUT_POSTULANTE, RUT_TITULAR_CTAHORRO, NOMBRES_POSTULANTE, P_APELLIDO_POSTULANTE, S_APELLIDO_POSTULANTE, FECNAC_POSTULANTE, NACIONALIDAD_POSTULANTE, ID_ESTADOCIVIL, CERT_PERMANENCIA, FEC_CERT_PERMANENCIA_DEF, INICIO_TRAMITE_DIVORCIO, ID_PUEBLO)
values (204016544,204016544,'Joya Joyon','Sanchez','sergei','20/04/1996','Peruano',3,'0','3/09/2019',0,null);
INSERT INTO POSTULANTE (RUT_POSTULANTE, RUT_TITULAR_CTAHORRO, NOMBRES_POSTULANTE, P_APELLIDO_POSTULANTE, S_APELLIDO_POSTULANTE, FECNAC_POSTULANTE, NACIONALIDAD_POSTULANTE, ID_ESTADOCIVIL, CERT_PERMANENCIA, FEC_CERT_PERMANENCIA_DEF, INICIO_TRAMITE_DIVORCIO, ID_PUEBLO)
values (204016545,204016545,'Erika','Gaspar','Muñoz','20/04/1996','Colombiana',2,'0','3/12/2019',1,1);
INSERT INTO POSTULANTE (RUT_POSTULANTE, RUT_TITULAR_CTAHORRO, NOMBRES_POSTULANTE, P_APELLIDO_POSTULANTE, S_APELLIDO_POSTULANTE, FECNAC_POSTULANTE, NACIONALIDAD_POSTULANTE, ID_ESTADOCIVIL, CERT_PERMANENCIA, FEC_CERT_PERMANENCIA_DEF, INICIO_TRAMITE_DIVORCIO, ID_PUEBLO)
values (204016546,121234571,'David','Valdes','Gonzalez','20/04/1996','Braziliano',4,'1','3/11/2019',0,null);
INSERT INTO POSTULANTE (RUT_POSTULANTE, RUT_TITULAR_CTAHORRO, NOMBRES_POSTULANTE, P_APELLIDO_POSTULANTE, S_APELLIDO_POSTULANTE, FECNAC_POSTULANTE, NACIONALIDAD_POSTULANTE, ID_ESTADOCIVIL, CERT_PERMANENCIA, FEC_CERT_PERMANENCIA_DEF, INICIO_TRAMITE_DIVORCIO, ID_PUEBLO)
values (204016547,121234572,'Javier','Molina','Toledo','20/04/1996','Boliviano',3,'0','3/10/2019',1,1);
INSERT INTO POSTULANTE (RUT_POSTULANTE, RUT_TITULAR_CTAHORRO, NOMBRES_POSTULANTE, P_APELLIDO_POSTULANTE, S_APELLIDO_POSTULANTE, FECNAC_POSTULANTE, NACIONALIDAD_POSTULANTE, ID_ESTADOCIVIL, CERT_PERMANENCIA, FEC_CERT_PERMANENCIA_DEF, INICIO_TRAMITE_DIVORCIO, ID_PUEBLO)
values (204016548,121234573,'Ricardo','Molina','gaspar','20/04/1996','Español',1,'0','3/01/2019',0,null);
INSERT INTO POSTULANTE (RUT_POSTULANTE, RUT_TITULAR_CTAHORRO, NOMBRES_POSTULANTE, P_APELLIDO_POSTULANTE, S_APELLIDO_POSTULANTE, FECNAC_POSTULANTE, NACIONALIDAD_POSTULANTE, ID_ESTADOCIVIL, CERT_PERMANENCIA, FEC_CERT_PERMANENCIA_DEF, INICIO_TRAMITE_DIVORCIO, ID_PUEBLO)
values (204016549,121234574,'El bananero','Lopez','Andrade','20/04/1996','Boliviano',3,'0','3/02/2019',1,1);
INSERT INTO POSTULANTE (RUT_POSTULANTE, RUT_TITULAR_CTAHORRO, NOMBRES_POSTULANTE, P_APELLIDO_POSTULANTE, S_APELLIDO_POSTULANTE, FECNAC_POSTULANTE, NACIONALIDAD_POSTULANTE, ID_ESTADOCIVIL, CERT_PERMANENCIA, FEC_CERT_PERMANENCIA_DEF, INICIO_TRAMITE_DIVORCIO, ID_PUEBLO)
values (204016550,121234575,'Adrian','Nario','Toledo','12/09/1976','Uruguay',4,'0','3/12/2019',0,null);
INSERT INTO POSTULANTE (RUT_POSTULANTE, RUT_TITULAR_CTAHORRO, NOMBRES_POSTULANTE, P_APELLIDO_POSTULANTE, S_APELLIDO_POSTULANTE, FECNAC_POSTULANTE, NACIONALIDAD_POSTULANTE, ID_ESTADOCIVIL, CERT_PERMANENCIA, FEC_CERT_PERMANENCIA_DEF, INICIO_TRAMITE_DIVORCIO, ID_PUEBLO)
values (204016551,204016551,'Juan','Muñoz','Pablo','20/04/1996','Chilena',3,'1','9/04/2019',0,null);
INSERT INTO POSTULANTE (RUT_POSTULANTE, RUT_TITULAR_CTAHORRO, NOMBRES_POSTULANTE, P_APELLIDO_POSTULANTE, S_APELLIDO_POSTULANTE, FECNAC_POSTULANTE, NACIONALIDAD_POSTULANTE, ID_ESTADOCIVIL, CERT_PERMANENCIA, FEC_CERT_PERMANENCIA_DEF, INICIO_TRAMITE_DIVORCIO, ID_PUEBLO)
values (204016552,204016552,'Oscar','Torres','Sereno','20/04/1996','Argentino',1,'0','3/07/2019',0,null);
INSERT INTO POSTULANTE (RUT_POSTULANTE, RUT_TITULAR_CTAHORRO, NOMBRES_POSTULANTE, P_APELLIDO_POSTULANTE, S_APELLIDO_POSTULANTE, FECNAC_POSTULANTE, NACIONALIDAD_POSTULANTE, ID_ESTADOCIVIL, CERT_PERMANENCIA, FEC_CERT_PERMANENCIA_DEF, INICIO_TRAMITE_DIVORCIO, ID_PUEBLO)
values (204016553,204016553,'Vicente','Ramirez','Gonzalez','20/04/1996','Aleman',3,'0','3/08/2019',1,1);
INSERT INTO POSTULANTE (RUT_POSTULANTE, RUT_TITULAR_CTAHORRO, NOMBRES_POSTULANTE, P_APELLIDO_POSTULANTE, S_APELLIDO_POSTULANTE, FECNAC_POSTULANTE, NACIONALIDAD_POSTULANTE, ID_ESTADOCIVIL, CERT_PERMANENCIA, FEC_CERT_PERMANENCIA_DEF, INICIO_TRAMITE_DIVORCIO, ID_PUEBLO)
values (204016554,204016554,'Joya Joyon','Sanchez','sergei','20/04/1996','Peruano',1,'0','3/09/2019',0,null);
INSERT INTO POSTULANTE (RUT_POSTULANTE, RUT_TITULAR_CTAHORRO, NOMBRES_POSTULANTE, P_APELLIDO_POSTULANTE, S_APELLIDO_POSTULANTE, FECNAC_POSTULANTE, NACIONALIDAD_POSTULANTE, ID_ESTADOCIVIL, CERT_PERMANENCIA, FEC_CERT_PERMANENCIA_DEF, INICIO_TRAMITE_DIVORCIO, ID_PUEBLO)
values (204016555,204016555,'Erika','Gaspar','Muñoz','20/04/1996','Colombiana',3,'0','3/12/2019',1,1);
INSERT INTO POSTULANTE (RUT_POSTULANTE, RUT_TITULAR_CTAHORRO, NOMBRES_POSTULANTE, P_APELLIDO_POSTULANTE, S_APELLIDO_POSTULANTE, FECNAC_POSTULANTE, NACIONALIDAD_POSTULANTE, ID_ESTADOCIVIL, CERT_PERMANENCIA, FEC_CERT_PERMANENCIA_DEF, INICIO_TRAMITE_DIVORCIO, ID_PUEBLO)
values (204016556,121234581,'David','Valdes','Gonzalez','20/04/1996','Braziliano',2,'1','3/11/2019',0,null);
INSERT INTO POSTULANTE (RUT_POSTULANTE, RUT_TITULAR_CTAHORRO, NOMBRES_POSTULANTE, P_APELLIDO_POSTULANTE, S_APELLIDO_POSTULANTE, FECNAC_POSTULANTE, NACIONALIDAD_POSTULANTE, ID_ESTADOCIVIL, CERT_PERMANENCIA, FEC_CERT_PERMANENCIA_DEF, INICIO_TRAMITE_DIVORCIO, ID_PUEBLO)
values (204016557,121234582,'Javier','Molina','Toledo','20/04/1996','Boliviano',3,'0','3/10/2019',1,1);
INSERT INTO POSTULANTE (RUT_POSTULANTE, RUT_TITULAR_CTAHORRO, NOMBRES_POSTULANTE, P_APELLIDO_POSTULANTE, S_APELLIDO_POSTULANTE, FECNAC_POSTULANTE, NACIONALIDAD_POSTULANTE, ID_ESTADOCIVIL, CERT_PERMANENCIA, FEC_CERT_PERMANENCIA_DEF, INICIO_TRAMITE_DIVORCIO, ID_PUEBLO)
values (204016558,121234583,'Ricardo','Molina','gaspar','20/04/1996','Español',1,'0','3/01/2019',0,null);
INSERT INTO POSTULANTE (RUT_POSTULANTE, RUT_TITULAR_CTAHORRO, NOMBRES_POSTULANTE, P_APELLIDO_POSTULANTE, S_APELLIDO_POSTULANTE, FECNAC_POSTULANTE, NACIONALIDAD_POSTULANTE, ID_ESTADOCIVIL, CERT_PERMANENCIA, FEC_CERT_PERMANENCIA_DEF, INICIO_TRAMITE_DIVORCIO, ID_PUEBLO)
values (204016559,121234584,'El bananero','Lopez','Andrade','20/04/1996','Boliviano',3,'0','3/02/2019',1,1);
INSERT INTO POSTULANTE (RUT_POSTULANTE, RUT_TITULAR_CTAHORRO, NOMBRES_POSTULANTE, P_APELLIDO_POSTULANTE, S_APELLIDO_POSTULANTE, FECNAC_POSTULANTE, NACIONALIDAD_POSTULANTE, ID_ESTADOCIVIL, CERT_PERMANENCIA, FEC_CERT_PERMANENCIA_DEF, INICIO_TRAMITE_DIVORCIO, ID_PUEBLO)
values (204016560,121234585,'Adrian','Nario','Toledo','12/09/1976','Uruguay',4,'0','3/12/2019',0,null);
INSERT INTO POSTULANTE (RUT_POSTULANTE, RUT_TITULAR_CTAHORRO, NOMBRES_POSTULANTE, P_APELLIDO_POSTULANTE, S_APELLIDO_POSTULANTE, FECNAC_POSTULANTE, NACIONALIDAD_POSTULANTE, ID_ESTADOCIVIL, CERT_PERMANENCIA, FEC_CERT_PERMANENCIA_DEF, INICIO_TRAMITE_DIVORCIO, ID_PUEBLO)
values (204016561,204016561,'Juan','Muñoz','Pablo','20/04/1996','Chilena',3,'1','19/04/2019',0,null);
INSERT INTO POSTULANTE (RUT_POSTULANTE, RUT_TITULAR_CTAHORRO, NOMBRES_POSTULANTE, P_APELLIDO_POSTULANTE, S_APELLIDO_POSTULANTE, FECNAC_POSTULANTE, NACIONALIDAD_POSTULANTE, ID_ESTADOCIVIL, CERT_PERMANENCIA, FEC_CERT_PERMANENCIA_DEF, INICIO_TRAMITE_DIVORCIO, ID_PUEBLO)
values (204016562,204016562,'Oscar','Torres','Sereno','20/04/1996','Argentino',1,'0','3/07/2019',0,null);
INSERT INTO POSTULANTE (RUT_POSTULANTE, RUT_TITULAR_CTAHORRO, NOMBRES_POSTULANTE, P_APELLIDO_POSTULANTE, S_APELLIDO_POSTULANTE, FECNAC_POSTULANTE, NACIONALIDAD_POSTULANTE, ID_ESTADOCIVIL, CERT_PERMANENCIA, FEC_CERT_PERMANENCIA_DEF, INICIO_TRAMITE_DIVORCIO, ID_PUEBLO)
values (204016563,204016563,'Vicente','Ramirez','Gonzalez','20/04/1996','Aleman',3,'0','3/08/2019',1,1);
INSERT INTO POSTULANTE (RUT_POSTULANTE, RUT_TITULAR_CTAHORRO, NOMBRES_POSTULANTE, P_APELLIDO_POSTULANTE, S_APELLIDO_POSTULANTE, FECNAC_POSTULANTE, NACIONALIDAD_POSTULANTE, ID_ESTADOCIVIL, CERT_PERMANENCIA, FEC_CERT_PERMANENCIA_DEF, INICIO_TRAMITE_DIVORCIO, ID_PUEBLO)
values (204016564,204016564,'Joya Joyon','Sanchez','sergei','20/04/1996','Peruano',1,'0','3/09/2019',0,null);
INSERT INTO POSTULANTE (RUT_POSTULANTE, RUT_TITULAR_CTAHORRO, NOMBRES_POSTULANTE, P_APELLIDO_POSTULANTE, S_APELLIDO_POSTULANTE, FECNAC_POSTULANTE, NACIONALIDAD_POSTULANTE, ID_ESTADOCIVIL, CERT_PERMANENCIA, FEC_CERT_PERMANENCIA_DEF, INICIO_TRAMITE_DIVORCIO, ID_PUEBLO)
values (204016565,204016565,'Erika','Gaspar','Muñoz','20/04/1996','Colombiana',3,'0','3/12/2019',1,1);
INSERT INTO POSTULANTE (RUT_POSTULANTE, RUT_TITULAR_CTAHORRO, NOMBRES_POSTULANTE, P_APELLIDO_POSTULANTE, S_APELLIDO_POSTULANTE, FECNAC_POSTULANTE, NACIONALIDAD_POSTULANTE, ID_ESTADOCIVIL, CERT_PERMANENCIA, FEC_CERT_PERMANENCIA_DEF, INICIO_TRAMITE_DIVORCIO, ID_PUEBLO)
values (204016566,121234591,'David','Valdes','Gonzalez','20/04/1996','Braziliano',2,'1','3/11/2019',0,null);
INSERT INTO POSTULANTE (RUT_POSTULANTE, RUT_TITULAR_CTAHORRO, NOMBRES_POSTULANTE, P_APELLIDO_POSTULANTE, S_APELLIDO_POSTULANTE, FECNAC_POSTULANTE, NACIONALIDAD_POSTULANTE, ID_ESTADOCIVIL, CERT_PERMANENCIA, FEC_CERT_PERMANENCIA_DEF, INICIO_TRAMITE_DIVORCIO, ID_PUEBLO)
values (204016567,121234592,'Javier','Molina','Toledo','20/04/1996','Boliviano',3,'0','3/10/2019',1,1);
INSERT INTO POSTULANTE (RUT_POSTULANTE, RUT_TITULAR_CTAHORRO, NOMBRES_POSTULANTE, P_APELLIDO_POSTULANTE, S_APELLIDO_POSTULANTE, FECNAC_POSTULANTE, NACIONALIDAD_POSTULANTE, ID_ESTADOCIVIL, CERT_PERMANENCIA, FEC_CERT_PERMANENCIA_DEF, INICIO_TRAMITE_DIVORCIO, ID_PUEBLO)
values (204016568,121234593,'Ricardo','Molina','gaspar','20/04/1996','Español',1,'0','3/01/2019',0,null);
INSERT INTO POSTULANTE (RUT_POSTULANTE, RUT_TITULAR_CTAHORRO, NOMBRES_POSTULANTE, P_APELLIDO_POSTULANTE, S_APELLIDO_POSTULANTE, FECNAC_POSTULANTE, NACIONALIDAD_POSTULANTE, ID_ESTADOCIVIL, CERT_PERMANENCIA, FEC_CERT_PERMANENCIA_DEF, INICIO_TRAMITE_DIVORCIO, ID_PUEBLO)
values (204016569,121234594,'El bananero','Lopez','Andrade','20/04/1996','Boliviano',3,'0','3/02/2019',1,1);
INSERT INTO POSTULANTE (RUT_POSTULANTE, RUT_TITULAR_CTAHORRO, NOMBRES_POSTULANTE, P_APELLIDO_POSTULANTE, S_APELLIDO_POSTULANTE, FECNAC_POSTULANTE, NACIONALIDAD_POSTULANTE, ID_ESTADOCIVIL, CERT_PERMANENCIA, FEC_CERT_PERMANENCIA_DEF, INICIO_TRAMITE_DIVORCIO, ID_PUEBLO)
values (204016570,121234595,'Adrian','Nario','Toledo','12/09/1976','Uruguay',4,'0','3/12/2019',0,null);
INSERT INTO POSTULANTE (RUT_POSTULANTE, RUT_TITULAR_CTAHORRO, NOMBRES_POSTULANTE, P_APELLIDO_POSTULANTE, S_APELLIDO_POSTULANTE, FECNAC_POSTULANTE, NACIONALIDAD_POSTULANTE, ID_ESTADOCIVIL, CERT_PERMANENCIA, FEC_CERT_PERMANENCIA_DEF, INICIO_TRAMITE_DIVORCIO, ID_PUEBLO)
values (204016571,204016571,'Juan','Muñoz','Pablo','20/04/1996','Chilena',3,'1','29/04/2019',0,null);
INSERT INTO POSTULANTE (RUT_POSTULANTE, RUT_TITULAR_CTAHORRO, NOMBRES_POSTULANTE, P_APELLIDO_POSTULANTE, S_APELLIDO_POSTULANTE, FECNAC_POSTULANTE, NACIONALIDAD_POSTULANTE, ID_ESTADOCIVIL, CERT_PERMANENCIA, FEC_CERT_PERMANENCIA_DEF, INICIO_TRAMITE_DIVORCIO, ID_PUEBLO)
values (204016572,204016572,'Oscar','Torres','Sereno','20/04/1996','Argentino',1,'0','3/07/2019',0,null);
INSERT INTO POSTULANTE (RUT_POSTULANTE, RUT_TITULAR_CTAHORRO, NOMBRES_POSTULANTE, P_APELLIDO_POSTULANTE, S_APELLIDO_POSTULANTE, FECNAC_POSTULANTE, NACIONALIDAD_POSTULANTE, ID_ESTADOCIVIL, CERT_PERMANENCIA, FEC_CERT_PERMANENCIA_DEF, INICIO_TRAMITE_DIVORCIO, ID_PUEBLO)
values (204016573,204016573,'Vicente','Ramirez','Gonzalez','20/04/1996','Aleman',3,'0','3/08/2019',1,1);
INSERT INTO POSTULANTE (RUT_POSTULANTE, RUT_TITULAR_CTAHORRO, NOMBRES_POSTULANTE, P_APELLIDO_POSTULANTE, S_APELLIDO_POSTULANTE, FECNAC_POSTULANTE, NACIONALIDAD_POSTULANTE, ID_ESTADOCIVIL, CERT_PERMANENCIA, FEC_CERT_PERMANENCIA_DEF, INICIO_TRAMITE_DIVORCIO, ID_PUEBLO)
values (204016574,204016574,'Joya Joyon','Sanchez','sergei','20/04/1996','Peruano',1,'0','3/09/2019',0,null);
INSERT INTO POSTULANTE (RUT_POSTULANTE, RUT_TITULAR_CTAHORRO, NOMBRES_POSTULANTE, P_APELLIDO_POSTULANTE, S_APELLIDO_POSTULANTE, FECNAC_POSTULANTE, NACIONALIDAD_POSTULANTE, ID_ESTADOCIVIL, CERT_PERMANENCIA, FEC_CERT_PERMANENCIA_DEF, INICIO_TRAMITE_DIVORCIO, ID_PUEBLO)
values (204016575,204016575,'Erika','Gaspar','Muñoz','20/04/1996','Colombiana',3,'0','3/12/2019',1,1);
INSERT INTO POSTULANTE (RUT_POSTULANTE, RUT_TITULAR_CTAHORRO, NOMBRES_POSTULANTE, P_APELLIDO_POSTULANTE, S_APELLIDO_POSTULANTE, FECNAC_POSTULANTE, NACIONALIDAD_POSTULANTE, ID_ESTADOCIVIL, CERT_PERMANENCIA, FEC_CERT_PERMANENCIA_DEF, INICIO_TRAMITE_DIVORCIO, ID_PUEBLO)
values (204016576,121234601,'David','Valdes','Gonzalez','20/04/1996','Braziliano',2,'1','3/11/2019',0,null);
INSERT INTO POSTULANTE (RUT_POSTULANTE, RUT_TITULAR_CTAHORRO, NOMBRES_POSTULANTE, P_APELLIDO_POSTULANTE, S_APELLIDO_POSTULANTE, FECNAC_POSTULANTE, NACIONALIDAD_POSTULANTE, ID_ESTADOCIVIL, CERT_PERMANENCIA, FEC_CERT_PERMANENCIA_DEF, INICIO_TRAMITE_DIVORCIO, ID_PUEBLO)
values (204016577,121234602,'Javier','Molina','Toledo','20/04/1996','Boliviano',3,'0','3/10/2019',1,1);
INSERT INTO POSTULANTE (RUT_POSTULANTE, RUT_TITULAR_CTAHORRO, NOMBRES_POSTULANTE, P_APELLIDO_POSTULANTE, S_APELLIDO_POSTULANTE, FECNAC_POSTULANTE, NACIONALIDAD_POSTULANTE, ID_ESTADOCIVIL, CERT_PERMANENCIA, FEC_CERT_PERMANENCIA_DEF, INICIO_TRAMITE_DIVORCIO, ID_PUEBLO)
values (204016578,121234603,'Ricardo','Molina','gaspar','20/04/1996','Español',1,'0','3/01/2019',0,null);
INSERT INTO POSTULANTE (RUT_POSTULANTE, RUT_TITULAR_CTAHORRO, NOMBRES_POSTULANTE, P_APELLIDO_POSTULANTE, S_APELLIDO_POSTULANTE, FECNAC_POSTULANTE, NACIONALIDAD_POSTULANTE, ID_ESTADOCIVIL, CERT_PERMANENCIA, FEC_CERT_PERMANENCIA_DEF, INICIO_TRAMITE_DIVORCIO, ID_PUEBLO)
values (204016579,121234604,'El bananero','Lopez','Andrade','20/04/1996','Boliviano',3,'0','3/02/2019',1,1);
INSERT INTO POSTULANTE (RUT_POSTULANTE, RUT_TITULAR_CTAHORRO, NOMBRES_POSTULANTE, P_APELLIDO_POSTULANTE, S_APELLIDO_POSTULANTE, FECNAC_POSTULANTE, NACIONALIDAD_POSTULANTE, ID_ESTADOCIVIL, CERT_PERMANENCIA, FEC_CERT_PERMANENCIA_DEF, INICIO_TRAMITE_DIVORCIO, ID_PUEBLO)
values (204016580,121234605,'Adrian','Nario','Toledo','12/09/1976','Uruguay',4,'0','3/12/2019',0,null);
INSERT INTO POSTULANTE (RUT_POSTULANTE, RUT_TITULAR_CTAHORRO, NOMBRES_POSTULANTE, P_APELLIDO_POSTULANTE, S_APELLIDO_POSTULANTE, FECNAC_POSTULANTE, NACIONALIDAD_POSTULANTE, ID_ESTADOCIVIL, CERT_PERMANENCIA, FEC_CERT_PERMANENCIA_DEF, INICIO_TRAMITE_DIVORCIO, ID_PUEBLO)
values (204016581,204016581,'Juan','Muñoz','Pablo','20/04/1996','Chilena',3,'1','3/04/2019',0,null);
INSERT INTO POSTULANTE (RUT_POSTULANTE, RUT_TITULAR_CTAHORRO, NOMBRES_POSTULANTE, P_APELLIDO_POSTULANTE, S_APELLIDO_POSTULANTE, FECNAC_POSTULANTE, NACIONALIDAD_POSTULANTE, ID_ESTADOCIVIL, CERT_PERMANENCIA, FEC_CERT_PERMANENCIA_DEF, INICIO_TRAMITE_DIVORCIO, ID_PUEBLO)
values (204016582,204016582,'Oscar','Torres','Sereno','20/04/1996','Argentino',1,'0','3/07/2019',0,null);
INSERT INTO POSTULANTE (RUT_POSTULANTE, RUT_TITULAR_CTAHORRO, NOMBRES_POSTULANTE, P_APELLIDO_POSTULANTE, S_APELLIDO_POSTULANTE, FECNAC_POSTULANTE, NACIONALIDAD_POSTULANTE, ID_ESTADOCIVIL, CERT_PERMANENCIA, FEC_CERT_PERMANENCIA_DEF, INICIO_TRAMITE_DIVORCIO, ID_PUEBLO)
values (204016583,204016583,'Vicente','Ramirez','Gonzalez','20/04/1996','Aleman',3,'0','3/08/2019',1,1);
INSERT INTO POSTULANTE (RUT_POSTULANTE, RUT_TITULAR_CTAHORRO, NOMBRES_POSTULANTE, P_APELLIDO_POSTULANTE, S_APELLIDO_POSTULANTE, FECNAC_POSTULANTE, NACIONALIDAD_POSTULANTE, ID_ESTADOCIVIL, CERT_PERMANENCIA, FEC_CERT_PERMANENCIA_DEF, INICIO_TRAMITE_DIVORCIO, ID_PUEBLO)
values (204016584,204016584,'Joya Joyon','Sanchez','sergei','20/04/1996','Peruano',1,'0','3/09/2019',0,null);
INSERT INTO POSTULANTE (RUT_POSTULANTE, RUT_TITULAR_CTAHORRO, NOMBRES_POSTULANTE, P_APELLIDO_POSTULANTE, S_APELLIDO_POSTULANTE, FECNAC_POSTULANTE, NACIONALIDAD_POSTULANTE, ID_ESTADOCIVIL, CERT_PERMANENCIA, FEC_CERT_PERMANENCIA_DEF, INICIO_TRAMITE_DIVORCIO, ID_PUEBLO)
values (204016585,204016585,'Erika','Gaspar','Muñoz','20/04/1996','Colombiana',3,'0','3/12/2019',1,1);
INSERT INTO POSTULANTE (RUT_POSTULANTE, RUT_TITULAR_CTAHORRO, NOMBRES_POSTULANTE, P_APELLIDO_POSTULANTE, S_APELLIDO_POSTULANTE, FECNAC_POSTULANTE, NACIONALIDAD_POSTULANTE, ID_ESTADOCIVIL, CERT_PERMANENCIA, FEC_CERT_PERMANENCIA_DEF, INICIO_TRAMITE_DIVORCIO, ID_PUEBLO)
values (204016586,121234611,'David','Valdes','Gonzalez','20/04/1996','Braziliano',2,'1','3/11/2019',0,null);
INSERT INTO POSTULANTE (RUT_POSTULANTE, RUT_TITULAR_CTAHORRO, NOMBRES_POSTULANTE, P_APELLIDO_POSTULANTE, S_APELLIDO_POSTULANTE, FECNAC_POSTULANTE, NACIONALIDAD_POSTULANTE, ID_ESTADOCIVIL, CERT_PERMANENCIA, FEC_CERT_PERMANENCIA_DEF, INICIO_TRAMITE_DIVORCIO, ID_PUEBLO)
values (204016587,121234612,'Javier','Molina','Toledo','20/04/1996','Boliviano',3,'0','3/10/2019',1,1);
INSERT INTO POSTULANTE (RUT_POSTULANTE, RUT_TITULAR_CTAHORRO, NOMBRES_POSTULANTE, P_APELLIDO_POSTULANTE, S_APELLIDO_POSTULANTE, FECNAC_POSTULANTE, NACIONALIDAD_POSTULANTE, ID_ESTADOCIVIL, CERT_PERMANENCIA, FEC_CERT_PERMANENCIA_DEF, INICIO_TRAMITE_DIVORCIO, ID_PUEBLO)
values (204016588,121234613,'Ricardo','Molina','gaspar','20/04/1996','Español',1,'0','3/01/2019',0,null);
INSERT INTO POSTULANTE (RUT_POSTULANTE, RUT_TITULAR_CTAHORRO, NOMBRES_POSTULANTE, P_APELLIDO_POSTULANTE, S_APELLIDO_POSTULANTE, FECNAC_POSTULANTE, NACIONALIDAD_POSTULANTE, ID_ESTADOCIVIL, CERT_PERMANENCIA, FEC_CERT_PERMANENCIA_DEF, INICIO_TRAMITE_DIVORCIO, ID_PUEBLO)
values (204016589,121234614,'El bananero','Lopez','Andrade','20/04/1996','Boliviano',3,'0','3/02/2019',1,1);
INSERT INTO POSTULANTE (RUT_POSTULANTE, RUT_TITULAR_CTAHORRO, NOMBRES_POSTULANTE, P_APELLIDO_POSTULANTE, S_APELLIDO_POSTULANTE, FECNAC_POSTULANTE, NACIONALIDAD_POSTULANTE, ID_ESTADOCIVIL, CERT_PERMANENCIA, FEC_CERT_PERMANENCIA_DEF, INICIO_TRAMITE_DIVORCIO, ID_PUEBLO)
values (204016590,121234615,'Adrian','Nario','Toledo','12/09/1976','Uruguay',4,'0','3/12/2019',0,null);
INSERT INTO POSTULANTE (RUT_POSTULANTE, RUT_TITULAR_CTAHORRO, NOMBRES_POSTULANTE, P_APELLIDO_POSTULANTE, S_APELLIDO_POSTULANTE, FECNAC_POSTULANTE, NACIONALIDAD_POSTULANTE, ID_ESTADOCIVIL, CERT_PERMANENCIA, FEC_CERT_PERMANENCIA_DEF, INICIO_TRAMITE_DIVORCIO, ID_PUEBLO)
values (204016591,204016591,'Juan','Muñoz','Pablo','20/04/1996','Chilena',3,'1','19/04/2019',0,null);
INSERT INTO POSTULANTE (RUT_POSTULANTE, RUT_TITULAR_CTAHORRO, NOMBRES_POSTULANTE, P_APELLIDO_POSTULANTE, S_APELLIDO_POSTULANTE, FECNAC_POSTULANTE, NACIONALIDAD_POSTULANTE, ID_ESTADOCIVIL, CERT_PERMANENCIA, FEC_CERT_PERMANENCIA_DEF, INICIO_TRAMITE_DIVORCIO, ID_PUEBLO)
values (204016592,204016592,'Oscar','Torres','Sereno','20/04/1996','Argentino',1,'0','3/07/2019',0,null);

-- ANOMALIA
INSERT INTO ANOMALIA (COD_ANOMALIA, REPARABLE_IRREPARABLE, NOMBRE_ANOMALIA) VALUES (SEQ_ANOMALIA.NEXTVAL,'Reparable','Terreno: socovamiento,filtracion,peligro de derrumbes,inundacion,etc');
INSERT INTO ANOMALIA (COD_ANOMALIA, REPARABLE_IRREPARABLE, NOMBRE_ANOMALIA) VALUES (SEQ_ANOMALIA.NEXTVAL,'Reparable','Plagas en la vivienda: termintas, polillas,murciélagos,palomas,etc.');
INSERT INTO ANOMALIA (COD_ANOMALIA, REPARABLE_IRREPARABLE, NOMBRE_ANOMALIA) VALUES (SEQ_ANOMALIA.NEXTVAL,'Reparable','Fundaciones: cimientos y sobrecimientos.');
INSERT INTO ANOMALIA (COD_ANOMALIA, REPARABLE_IRREPARABLE, NOMBRE_ANOMALIA) VALUES (SEQ_ANOMALIA.NEXTVAL,'Reparable','Muros estructurales.');
INSERT INTO ANOMALIA (COD_ANOMALIA, REPARABLE_IRREPARABLE, NOMBRE_ANOMALIA) VALUES (SEQ_ANOMALIA.NEXTVAL,'Reparable','Entrepiso.');
INSERT INTO ANOMALIA (COD_ANOMALIA, REPARABLE_IRREPARABLE, NOMBRE_ANOMALIA) VALUES (SEQ_ANOMALIA.NEXTVAL,'Reparable','Estructura de techumbre.');
INSERT INTO ANOMALIA (COD_ANOMALIA, REPARABLE_IRREPARABLE, NOMBRE_ANOMALIA) VALUES (SEQ_ANOMALIA.NEXTVAL,'Reparable','Red de agua potable.');
INSERT INTO ANOMALIA (COD_ANOMALIA, REPARABLE_IRREPARABLE, NOMBRE_ANOMALIA) VALUES (SEQ_ANOMALIA.NEXTVAL,'Reparable','Red de alcantarillado de aguas servidas.');
INSERT INTO ANOMALIA (COD_ANOMALIA, REPARABLE_IRREPARABLE, NOMBRE_ANOMALIA) VALUES (SEQ_ANOMALIA.NEXTVAL,'Reparable','Red de electricidad.');
INSERT INTO ANOMALIA (COD_ANOMALIA, REPARABLE_IRREPARABLE, NOMBRE_ANOMALIA) VALUES (SEQ_ANOMALIA.NEXTVAL,'Reparable','Red de gas.');
INSERT INTO ANOMALIA (COD_ANOMALIA, REPARABLE_IRREPARABLE, NOMBRE_ANOMALIA) VALUES (SEQ_ANOMALIA.NEXTVAL,'Irreparable','Humedad vivienda: poca ventilacion, condensación.');
INSERT INTO ANOMALIA (COD_ANOMALIA, REPARABLE_IRREPARABLE, NOMBRE_ANOMALIA) VALUES (SEQ_ANOMALIA.NEXTVAL,'Irreparable','Radier / pavimento.');
INSERT INTO ANOMALIA (COD_ANOMALIA, REPARABLE_IRREPARABLE, NOMBRE_ANOMALIA) VALUES (SEQ_ANOMALIA.NEXTVAL,'Irreparable','Tabiques no estructurales.');
INSERT INTO ANOMALIA (COD_ANOMALIA, REPARABLE_IRREPARABLE, NOMBRE_ANOMALIA) VALUES (SEQ_ANOMALIA.NEXTVAL,'Irreparable','Revestimientos interiores.');
INSERT INTO ANOMALIA (COD_ANOMALIA, REPARABLE_IRREPARABLE, NOMBRE_ANOMALIA) VALUES (SEQ_ANOMALIA.NEXTVAL,'Irreparable','Puertas y ventanas.');
INSERT INTO ANOMALIA (COD_ANOMALIA, REPARABLE_IRREPARABLE, NOMBRE_ANOMALIA) VALUES (SEQ_ANOMALIA.NEXTVAL,'Irreparable','Cubierta de techumbre.');
INSERT INTO ANOMALIA (COD_ANOMALIA, REPARABLE_IRREPARABLE, NOMBRE_ANOMALIA) VALUES (SEQ_ANOMALIA.NEXTVAL,'Irreparable','Artefactos agua potable y alcantarillado de aguas servidas.');
INSERT INTO ANOMALIA (COD_ANOMALIA, REPARABLE_IRREPARABLE, NOMBRE_ANOMALIA) VALUES (SEQ_ANOMALIA.NEXTVAL,'Irreparable','Artefactos eléctricos: interruptores, enchufes, tablero,etc.');

-- ESTADO CONSERVACION --

INSERT INTO ESTADO_CONSERVACION_VIVIENDA VALUES (1, 'USADA1');
INSERT INTO ESTADO_CONSERVACION_VIVIENDA VALUES (2, 'USADA2');
INSERT INTO ESTADO_CONSERVACION_VIVIENDA VALUES (3, 'USADA3');
INSERT INTO ESTADO_CONSERVACION_VIVIENDA VALUES (4, 'USADA4');
INSERT INTO ESTADO_CONSERVACION_VIVIENDA VALUES (5, 'USADA5');

-- Propietario

INSERT INTO PROPIETARIO(RUT_PROPIETARIO,NOMBRE_PROPIETARIO,TELEFONO_PROPIETARIO,EMAIL_PROPIETARIO)VALUES('12987345-2','María Elizabet Mireya','+56 9 76535344','María.Eli@gmail.com');
INSERT INTO PROPIETARIO(RUT_PROPIETARIO,NOMBRE_PROPIETARIO,TELEFONO_PROPIETARIO,EMAIL_PROPIETARIO)VALUES('10345567-1','Constanza Luisa Enrique','+56 9 33344224','Constanza.luisa@gmail.com');
INSERT INTO PROPIETARIO(RUT_PROPIETARIO,NOMBRE_PROPIETARIO,TELEFONO_PROPIETARIO,EMAIL_PROPIETARIO)VALUES('11989083-3','Angela Carolina Ruiz','+56 9 22344566','Angela.carolina@gmail.com');
INSERT INTO PROPIETARIO(RUT_PROPIETARIO,NOMBRE_PROPIETARIO,TELEFONO_PROPIETARIO,EMAIL_PROPIETARIO)VALUES('13443567-9','Tomás Canto Acosta ','+56 9 54334532','Tomas.canto@gmail.com');
INSERT INTO PROPIETARIO(RUT_PROPIETARIO,NOMBRE_PROPIETARIO,TELEFONO_PROPIETARIO,EMAIL_PROPIETARIO)VALUES('10676544-7','José Acosta Gámez','+56 9 54442532','Jose.acosta@gmail.com');
INSERT INTO PROPIETARIO(RUT_PROPIETARIO,NOMBRE_PROPIETARIO,TELEFONO_PROPIETARIO,EMAIL_PROPIETARIO)VALUES('10442114-k','Celina Aguilar Dorantes ','+56 9 98789845','Celina.aguilar@gmail.com');
INSERT INTO PROPIETARIO(RUT_PROPIETARIO,NOMBRE_PROPIETARIO,TELEFONO_PROPIETARIO,EMAIL_PROPIETARIO)VALUES('11223248-8','Irma Aguilar María','+56 9 98767890','Irma.aguilar@gmail.com');
INSERT INTO PROPIETARIO(RUT_PROPIETARIO,NOMBRE_PROPIETARIO,TELEFONO_PROPIETARIO,EMAIL_PROPIETARIO)VALUES('12320232-2','Gerardo Genaro Alatriste ','+56 9 98765634','Gerardo.genaro@gmail.com');
INSERT INTO PROPIETARIO(RUT_PROPIETARIO,NOMBRE_PROPIETARIO,TELEFONO_PROPIETARIO,EMAIL_PROPIETARIO)VALUES('13876442-1','Lito Alcántar Camacio ','+56 9 34567876','Lito.alcantar@gmail.com');
INSERT INTO PROPIETARIO(RUT_PROPIETARIO,NOMBRE_PROPIETARIO,TELEFONO_PROPIETARIO,EMAIL_PROPIETARIO)VALUES('17987292-9','José Israel Alcoverde ','+56 9 46758908','José.israel@gmail.com');
INSERT INTO PROPIETARIO(RUT_PROPIETARIO,NOMBRE_PROPIETARIO,TELEFONO_PROPIETARIO,EMAIL_PROPIETARIO)VALUES('18976528-3','Martínez Roberto Antonio','+56 9 65738490','Martínez.roberto@gmail.com');
INSERT INTO PROPIETARIO(RUT_PROPIETARIO,NOMBRE_PROPIETARIO,TELEFONO_PROPIETARIO,EMAIL_PROPIETARIO)VALUES('11242424-1','Guillermina Aldrete Vargas ','+56 9 09877743','Guillermina.aldere@gmail.com');
INSERT INTO PROPIETARIO(RUT_PROPIETARIO,NOMBRE_PROPIETARIO,TELEFONO_PROPIETARIO,EMAIL_PROPIETARIO)VALUES('13123121-6','Adolfo Alejo Guerrero ','+56 9 33328974','Adolfo.alejo@gmail.com');
INSERT INTO PROPIETARIO(RUT_PROPIETARIO,NOMBRE_PROPIETARIO,TELEFONO_PROPIETARIO,EMAIL_PROPIETARIO)VALUES('15928290-0','Víctor Hugo Alemán ','+56 9 33897654','Víctor.hugo@gmail.com');
INSERT INTO PROPIETARIO(RUT_PROPIETARIO,NOMBRE_PROPIETARIO,TELEFONO_PROPIETARIO,EMAIL_PROPIETARIO)VALUES('12434342-9','Gerardo Alonso Navarro ','+56 9 33987639','Gerardo.alonso@gmail.com');
INSERT INTO PROPIETARIO(RUT_PROPIETARIO,NOMBRE_PROPIETARIO,TELEFONO_PROPIETARIO,EMAIL_PROPIETARIO)VALUES('11343435-6','Jadilson Altamirano García ','+56 9 32229878','Jadilson.altamirano@gmail.com');
INSERT INTO PROPIETARIO(RUT_PROPIETARIO,NOMBRE_PROPIETARIO,TELEFONO_PROPIETARIO,EMAIL_PROPIETARIO)VALUES('13878923-3','Enrique Alí Alvarado ','+56 9 32210987','Enrique.ali@gmail.com');
INSERT INTO PROPIETARIO(RUT_PROPIETARIO,NOMBRE_PROPIETARIO,TELEFONO_PROPIETARIO,EMAIL_PROPIETARIO)VALUES('11342343-4','David Alvarado Mendoza ','+56 9 32297289','David.alvarado@gmail.com');
INSERT INTO PROPIETARIO(RUT_PROPIETARIO,NOMBRE_PROPIETARIO,TELEFONO_PROPIETARIO,EMAIL_PROPIETARIO)VALUES('10232323-k','Oscar  Alvarez Martínez ','+56 9 32222985','Oscar.alvarez@gmail.com');
INSERT INTO PROPIETARIO(RUT_PROPIETARIO,NOMBRE_PROPIETARIO,TELEFONO_PROPIETARIO,EMAIL_PROPIETARIO)VALUES('11433434-k','Salvador  Amaya Benito ','+56 9 44476857','Salvador.amaya@gmail.com');
INSERT INTO PROPIETARIO(RUT_PROPIETARIO,NOMBRE_PROPIETARIO,TELEFONO_PROPIETARIO,EMAIL_PROPIETARIO)VALUES('12878998-k','Salvador Arturo Ramiro ','+56 9 34224455','Salvador.arturo@gmail.com');
INSERT INTO PROPIETARIO(RUT_PROPIETARIO,NOMBRE_PROPIETARIO,TELEFONO_PROPIETARIO,EMAIL_PROPIETARIO)VALUES('17989888-9','Andrade Mujanda Rafael ','+56 9 32278935','Andrade.mujanda@gmail.com');
INSERT INTO PROPIETARIO(RUT_PROPIETARIO,NOMBRE_PROPIETARIO,TELEFONO_PROPIETARIO,EMAIL_PROPIETARIO)VALUES('14938938-1','Miguel Angel Antonio','+56 9 21445553','Miguel.angel@gmail.com');
INSERT INTO PROPIETARIO(RUT_PROPIETARIO,NOMBRE_PROPIETARIO,TELEFONO_PROPIETARIO,EMAIL_PROPIETARIO)VALUES('11434343-8','Marta Concecion Aquiles ','+56 9 29847386','Marta.concecion@gmail.com');
INSERT INTO PROPIETARIO(RUT_PROPIETARIO,NOMBRE_PROPIETARIO,TELEFONO_PROPIETARIO,EMAIL_PROPIETARIO)VALUES('13435353-3','Gustavo Aragan Jiménez ','+56 9 70032278','Gustavo.aragan@gmail.com');
INSERT INTO PROPIETARIO(RUT_PROPIETARIO,NOMBRE_PROPIETARIO,TELEFONO_PROPIETARIO,EMAIL_PROPIETARIO)VALUES('10988002-0','Castro Alfredo Ariea ','+56 9 90063532','Castro.alfredo@gmail.com');
INSERT INTO PROPIETARIO(RUT_PROPIETARIO,NOMBRE_PROPIETARIO,TELEFONO_PROPIETARIO,EMAIL_PROPIETARIO)VALUES('11112322-2','Ernesto Argumosa Saez ','+56 9 32221456','Ernesto.argumoza@gmail.com');
INSERT INTO PROPIETARIO(RUT_PROPIETARIO,NOMBRE_PROPIETARIO,TELEFONO_PROPIETARIO,EMAIL_PROPIETARIO)VALUES('12443435-k','Rosalía Arias Rodríguez ','+56 9 42569001','Rosalía.arias@gmail.com');
INSERT INTO PROPIETARIO(RUT_PROPIETARIO,NOMBRE_PROPIETARIO,TELEFONO_PROPIETARIO,EMAIL_PROPIETARIO)VALUES('11434243-7','Romero Oscar Guillermo Arnaud ','+56 9 33329087','Romero.oscar@gmail.com');
INSERT INTO PROPIETARIO(RUT_PROPIETARIO,NOMBRE_PROPIETARIO,TELEFONO_PROPIETARIO,EMAIL_PROPIETARIO)VALUES('10343243-9','Javier Arredondo valle ','+56 9 32214441','Javier.arredondo@gmail.com');
INSERT INTO PROPIETARIO(RUT_PROPIETARIO,NOMBRE_PROPIETARIO,TELEFONO_PROPIETARIO,EMAIL_PROPIETARIO)VALUES('17922928-6','Javier Leonardo Nuñez','+56 9 12487412','Javier.leonardo@gmail.com');

-- INFORME_TECNICO
INSERT INTO INFORME_TECNICO (ID_INFORME, FECHA_SOLICITUD, FECHA_INSPECCION, NOMBRE_SOLICITANTE, RUT_SOLICITANTE, TELEFONO_SOLICITANTE, CORREO_SOLICITANTE, SUBSIDIO_OBTENIDO, TIPO_SUBSIDIO) VALUES (1,'25/04/2018','27/05/2018','Juan Pablo','11234567-2','+569923821','jp@gay.com',150000,'Tramo 1');
INSERT INTO INFORME_TECNICO (ID_INFORME, FECHA_SOLICITUD, FECHA_INSPECCION, NOMBRE_SOLICITANTE, RUT_SOLICITANTE, TELEFONO_SOLICITANTE, CORREO_SOLICITANTE, SUBSIDIO_OBTENIDO, TIPO_SUBSIDIO) VALUES (2,'25/04/2018','27/05/2018','Juan Pablo','11234567-2','+569923821','jp@gay.com',150800,'Tramo 2');
INSERT INTO INFORME_TECNICO (ID_INFORME, FECHA_SOLICITUD, FECHA_INSPECCION, NOMBRE_SOLICITANTE, RUT_SOLICITANTE, TELEFONO_SOLICITANTE, CORREO_SOLICITANTE, SUBSIDIO_OBTENIDO, TIPO_SUBSIDIO) VALUES (3,'25/04/2018','27/05/2018','Juan Pablo','11234567-2','+569923821','jp@gay.com',150700,'Tramo 3');
INSERT INTO INFORME_TECNICO (ID_INFORME, FECHA_SOLICITUD, FECHA_INSPECCION, NOMBRE_SOLICITANTE, RUT_SOLICITANTE, TELEFONO_SOLICITANTE, CORREO_SOLICITANTE, SUBSIDIO_OBTENIDO, TIPO_SUBSIDIO) VALUES (4,'25/04/2018','27/05/2018','Juan Pablo','11234567-2','+569923821','jp@gay.com',150600,'Tramo 1');
INSERT INTO INFORME_TECNICO (ID_INFORME, FECHA_SOLICITUD, FECHA_INSPECCION, NOMBRE_SOLICITANTE, RUT_SOLICITANTE, TELEFONO_SOLICITANTE, CORREO_SOLICITANTE, SUBSIDIO_OBTENIDO, TIPO_SUBSIDIO) VALUES (5,'25/04/2018','27/05/2018','Pedro ramirez','11234567-2','+569923821','jp@gay.com',150500,'Tramo 2');
INSERT INTO INFORME_TECNICO (ID_INFORME, FECHA_SOLICITUD, FECHA_INSPECCION, NOMBRE_SOLICITANTE, RUT_SOLICITANTE, TELEFONO_SOLICITANTE, CORREO_SOLICITANTE, SUBSIDIO_OBTENIDO, TIPO_SUBSIDIO) VALUES (6,'25/04/2018','27/05/2018','Tomas Gonzalez','11234567-2','+569923821','jp@gay.com',150400,'Tramo 3');
INSERT INTO INFORME_TECNICO (ID_INFORME, FECHA_SOLICITUD, FECHA_INSPECCION, NOMBRE_SOLICITANTE, RUT_SOLICITANTE, TELEFONO_SOLICITANTE, CORREO_SOLICITANTE, SUBSIDIO_OBTENIDO, TIPO_SUBSIDIO) VALUES (7,'25/04/2018','27/05/2018','Javier gonzalez','11234567-2','+569923821','jp@gay.com',150300,'Tramo 1');
INSERT INTO INFORME_TECNICO (ID_INFORME, FECHA_SOLICITUD, FECHA_INSPECCION, NOMBRE_SOLICITANTE, RUT_SOLICITANTE, TELEFONO_SOLICITANTE, CORREO_SOLICITANTE, SUBSIDIO_OBTENIDO, TIPO_SUBSIDIO) VALUES (8,'25/04/2018','27/05/2018','Juan Jose','11234567-2','+569923821','jp@gay.com',150200,'Tramo 2');
INSERT INTO INFORME_TECNICO (ID_INFORME, FECHA_SOLICITUD, FECHA_INSPECCION, NOMBRE_SOLICITANTE, RUT_SOLICITANTE, TELEFONO_SOLICITANTE, CORREO_SOLICITANTE, SUBSIDIO_OBTENIDO, TIPO_SUBSIDIO) VALUES (9,'25/04/2018','27/05/2018','JuanPedro','11234567-2','+569923821','jp@gay.com',150100,'Tramo 3');
INSERT INTO INFORME_TECNICO (ID_INFORME, FECHA_SOLICITUD, FECHA_INSPECCION, NOMBRE_SOLICITANTE, RUT_SOLICITANTE, TELEFONO_SOLICITANTE, CORREO_SOLICITANTE, SUBSIDIO_OBTENIDO, TIPO_SUBSIDIO) VALUES (10,'25/04/2018','27/05/2018','Blont','11234567-2','+569923821','jp@gay.com',150700,'Tramo 2');
INSERT INTO INFORME_TECNICO (ID_INFORME, FECHA_SOLICITUD, FECHA_INSPECCION, NOMBRE_SOLICITANTE, RUT_SOLICITANTE, TELEFONO_SOLICITANTE, CORREO_SOLICITANTE, SUBSIDIO_OBTENIDO, TIPO_SUBSIDIO) VALUES (11,'25/04/2018','27/05/2018','Vicente','11234567-2','+569923821','jp@gay.com',950000,'Tramo 1');
INSERT INTO INFORME_TECNICO (ID_INFORME, FECHA_SOLICITUD, FECHA_INSPECCION, NOMBRE_SOLICITANTE, RUT_SOLICITANTE, TELEFONO_SOLICITANTE, CORREO_SOLICITANTE, SUBSIDIO_OBTENIDO, TIPO_SUBSIDIO) VALUES (12,'22/04/2018','27/05/2018','Juanito','11234567-2','+569923821','jp@gay.com',150000,'Tramo 1');
INSERT INTO INFORME_TECNICO (ID_INFORME, FECHA_SOLICITUD, FECHA_INSPECCION, NOMBRE_SOLICITANTE, RUT_SOLICITANTE, TELEFONO_SOLICITANTE, CORREO_SOLICITANTE, SUBSIDIO_OBTENIDO, TIPO_SUBSIDIO) VALUES (13,'23/04/2018','17/05/2018','Pablete','11234567-2','+569923821','jp@gay.com',150000,'Tramo 1');
INSERT INTO INFORME_TECNICO (ID_INFORME, FECHA_SOLICITUD, FECHA_INSPECCION, NOMBRE_SOLICITANTE, RUT_SOLICITANTE, TELEFONO_SOLICITANTE, CORREO_SOLICITANTE, SUBSIDIO_OBTENIDO, TIPO_SUBSIDIO) VALUES (14,'24/04/2018','28/05/2018','Pablo','11234567-2','+569923821','jp@gay.com',150000,'Tramo 1');
INSERT INTO INFORME_TECNICO (ID_INFORME, FECHA_SOLICITUD, FECHA_INSPECCION, NOMBRE_SOLICITANTE, RUT_SOLICITANTE, TELEFONO_SOLICITANTE, CORREO_SOLICITANTE, SUBSIDIO_OBTENIDO, TIPO_SUBSIDIO) VALUES (15,'15/04/2018','28/05/2018','Juan','11234567-2','+569923821','jp@gay.com',150000,'Tramo 1');

-- CONSULTOR

INSERT INTO CONSULTOR (RUT_CONSULTOR, NOMBRE_CONSULTOR, CORREO_CONSULTOR, ROL_CONSULTOR, TELEFONO_CONSULTOR, CATEGORIA_CONSULTOR, NRO_RESOLUCION, FECHA_RESOLUCION) VALUES ('12244266-2','Jose Collio','vicnnn@gmail.cl','Consultor','123123223','Quesos',133,'22/03/2019');
INSERT INTO CONSULTOR (RUT_CONSULTOR, NOMBRE_CONSULTOR, CORREO_CONSULTOR, ROL_CONSULTOR, TELEFONO_CONSULTOR, CATEGORIA_CONSULTOR, NRO_RESOLUCION, FECHA_RESOLUCION) VALUES ('26123456-K','Jhon Salazar','jaskdj@gmail.cl','Administrador','987654321','Jugetes',123,'12/03/2019');

-- INFORME_CONSULTOR

INSERT INTO INFORME_CONSULTOR (ID_INFORME,RUT_CONSULTOR) VALUES (1,'12244266-2');
INSERT INTO INFORME_CONSULTOR (ID_INFORME,RUT_CONSULTOR) VALUES (2,'12244266-2');
INSERT INTO INFORME_CONSULTOR (ID_INFORME,RUT_CONSULTOR) VALUES (3,'26123456-K');

-- INFORME_ANOMALIA

INSERT INTO INFORME_ANOMALIA (COD_ANOMALIA, ID_INFORME, ESTADO_ANOMALIA) VALUES (1,1,'Si.');
INSERT INTO INFORME_ANOMALIA (COD_ANOMALIA, ID_INFORME, ESTADO_ANOMALIA) VALUES (2,1,'No.');
INSERT INTO INFORME_ANOMALIA (COD_ANOMALIA, ID_INFORME, ESTADO_ANOMALIA) VALUES (3,1,'Si.');
INSERT INTO INFORME_ANOMALIA (COD_ANOMALIA, ID_INFORME, ESTADO_ANOMALIA) VALUES (4,1,'No.');
INSERT INTO INFORME_ANOMALIA (COD_ANOMALIA, ID_INFORME, ESTADO_ANOMALIA) VALUES (5,1,'Si.');
INSERT INTO INFORME_ANOMALIA (COD_ANOMALIA, ID_INFORME, ESTADO_ANOMALIA) VALUES (6,1,'No.');
INSERT INTO INFORME_ANOMALIA (COD_ANOMALIA, ID_INFORME, ESTADO_ANOMALIA) VALUES (7,1,'Si.');
INSERT INTO INFORME_ANOMALIA (COD_ANOMALIA, ID_INFORME, ESTADO_ANOMALIA) VALUES (8,1,'No.');
INSERT INTO INFORME_ANOMALIA (COD_ANOMALIA, ID_INFORME, ESTADO_ANOMALIA) VALUES (9,1,'Si.');
INSERT INTO INFORME_ANOMALIA (COD_ANOMALIA, ID_INFORME, ESTADO_ANOMALIA) VALUES (11,1,'Si.');
INSERT INTO INFORME_ANOMALIA (COD_ANOMALIA, ID_INFORME, ESTADO_ANOMALIA) VALUES (12,1,'Si.');
INSERT INTO INFORME_ANOMALIA (COD_ANOMALIA, ID_INFORME, ESTADO_ANOMALIA) VALUES (13,1,'Si.');
INSERT INTO INFORME_ANOMALIA (COD_ANOMALIA, ID_INFORME, ESTADO_ANOMALIA) VALUES (14,1,'Si.');
INSERT INTO INFORME_ANOMALIA (COD_ANOMALIA, ID_INFORME, ESTADO_ANOMALIA) VALUES (15,1,'Si.');
INSERT INTO INFORME_ANOMALIA (COD_ANOMALIA, ID_INFORME, ESTADO_ANOMALIA) VALUES (16,1,'Si.');
INSERT INTO INFORME_ANOMALIA (COD_ANOMALIA, ID_INFORME, ESTADO_ANOMALIA) VALUES (17,1,'Si.');
INSERT INTO INFORME_ANOMALIA (COD_ANOMALIA, ID_INFORME, ESTADO_ANOMALIA) VALUES (18,1,'Si.');

-- TRAMOS
INSERT INTO TRAMO_CARGAS VALUES (1,0,1,50);
INSERT INTO TRAMO_CARGAS VALUES (2,2,4,100);
INSERT INTO TRAMO_CARGAS VALUES (3,5,100,200);
INSERT INTO TRAMO_EDADES VALUES (1,18,29,200);
INSERT INTO TRAMO_EDADES VALUES (2,30,40,150);
INSERT INTO TRAMO_EDADES VALUES (3,41,99,100);
INSERT INTO TRAMO_AHORRO VALUES (1,8000000,8999999,200);
INSERT INTO TRAMO_AHORRO VALUES (2,9000000,10000000,400);
INSERT INTO TRAMO_AHORRO VALUES (3,10000001,99999999,500);
-- VIVIENDA --
INSERT INTO VIVIENDA (ROL_SII, USADA, ECONOMICA, DIRECCION, NRO_DEPTO, NRO_PISO, POBLACION_VILLA_ETC, PERMISO_EDIFICACION, FECHA_PERMISO_ED, METROSCUADRADOS, ANNIO_CONSTRUCCION, RECEPCION_FINAL_NRO, FECHA_RECEPCION, TIPO_VIVIENDA, NRO_PISOS_VIVIENDA, AGRUPACION_VIVIENDA, NRO_DORMITORIOS, NRO_BANNOS, ESTAR, ESTACIONAMIENTO, BODEGA, COMEDOR, LOGGIA, OTRO_RECINTO, BALCON_O_TERRAZA, SUPERFICIE_VIVIENDA_M2, SUPERFICIE_TERRENO_M2, TECHUMBRE, MUROS, PISOS_ENTRE_PISOS, ID_ESTADO, RUT_PROPIETARIO, ID_INFORME, ID_REGION) 
VALUES ('I-01','1','1','sta algo 12331',12,1,'villa angelmo','si','12-11-1999',12,'01-01-1995',1,'12-12-2009','usada',1,'nose',2,1,'1','0','1',2,'1','no','no',12,12,'uno','dos','tres',1,'11433434-k',1,13);
INSERT INTO VIVIENDA (ROL_SII, USADA, ECONOMICA, DIRECCION, NRO_DEPTO, NRO_PISO, POBLACION_VILLA_ETC, PERMISO_EDIFICACION, FECHA_PERMISO_ED, METROSCUADRADOS, ANNIO_CONSTRUCCION, RECEPCION_FINAL_NRO, FECHA_RECEPCION, TIPO_VIVIENDA, NRO_PISOS_VIVIENDA, AGRUPACION_VIVIENDA, NRO_DORMITORIOS, NRO_BANNOS, ESTAR, ESTACIONAMIENTO, BODEGA, COMEDOR, LOGGIA, OTRO_RECINTO, BALCON_O_TERRAZA, SUPERFICIE_VIVIENDA_M2, SUPERFICIE_TERRENO_M2, TECHUMBRE, MUROS, PISOS_ENTRE_PISOS, ID_ESTADO, RUT_PROPIETARIO, ID_INFORME, ID_REGION) 
VALUES ('I-02','1','1','sta algo 12331',12,1,'villa angelmo','si','12-11-1999',12,'01-01-1995',1,'12-12-2009','usada',1,'nose',2,1,'1','0','1',2,'1','no','no',12,12,'uno','dos','tres',2,'11433434-k',2,7);
INSERT INTO VIVIENDA (ROL_SII, USADA, ECONOMICA, DIRECCION, NRO_DEPTO, NRO_PISO, POBLACION_VILLA_ETC, PERMISO_EDIFICACION, FECHA_PERMISO_ED, METROSCUADRADOS, ANNIO_CONSTRUCCION, RECEPCION_FINAL_NRO, FECHA_RECEPCION, TIPO_VIVIENDA, NRO_PISOS_VIVIENDA, AGRUPACION_VIVIENDA, NRO_DORMITORIOS, NRO_BANNOS, ESTAR, ESTACIONAMIENTO, BODEGA, COMEDOR, LOGGIA, OTRO_RECINTO, BALCON_O_TERRAZA, SUPERFICIE_VIVIENDA_M2, SUPERFICIE_TERRENO_M2, TECHUMBRE, MUROS, PISOS_ENTRE_PISOS, ID_ESTADO, RUT_PROPIETARIO, ID_INFORME, ID_REGION) 
VALUES ('I-03','1','1','sta algo 12331',12,1,'villa angelmo','si','12-11-1999',12,'01-01-1995',1,'12-12-2009','usada',1,'nose',2,1,'1','0','1',2,'1','no','no',12,12,'uno','dos','tres',3,'11989083-3',3,15);
INSERT INTO VIVIENDA (ROL_SII, USADA, ECONOMICA, DIRECCION, NRO_DEPTO, NRO_PISO, POBLACION_VILLA_ETC, PERMISO_EDIFICACION, FECHA_PERMISO_ED, METROSCUADRADOS, ANNIO_CONSTRUCCION, RECEPCION_FINAL_NRO, FECHA_RECEPCION, TIPO_VIVIENDA, NRO_PISOS_VIVIENDA, AGRUPACION_VIVIENDA, NRO_DORMITORIOS, NRO_BANNOS, ESTAR, ESTACIONAMIENTO, BODEGA, COMEDOR, LOGGIA, OTRO_RECINTO, BALCON_O_TERRAZA, SUPERFICIE_VIVIENDA_M2, SUPERFICIE_TERRENO_M2, TECHUMBRE, MUROS, PISOS_ENTRE_PISOS, ID_ESTADO, RUT_PROPIETARIO, ID_INFORME, ID_REGION) 
VALUES ('I-04','1','1','sta algo 12331',12,1,'villa angelmo','si','12-11-1999',12,'01-01-1995',1,'12-12-2009','usada',1,'nose',2,1,'1','0','1',2,'1','no','no',12,12,'uno','dos','tres',4,'13443567-9',4,16);
INSERT INTO VIVIENDA (ROL_SII, USADA, ECONOMICA, DIRECCION, NRO_DEPTO, NRO_PISO, POBLACION_VILLA_ETC, PERMISO_EDIFICACION, FECHA_PERMISO_ED, METROSCUADRADOS, ANNIO_CONSTRUCCION, RECEPCION_FINAL_NRO, FECHA_RECEPCION, TIPO_VIVIENDA, NRO_PISOS_VIVIENDA, AGRUPACION_VIVIENDA, NRO_DORMITORIOS, NRO_BANNOS, ESTAR, ESTACIONAMIENTO, BODEGA, COMEDOR, LOGGIA, OTRO_RECINTO, BALCON_O_TERRAZA, SUPERFICIE_VIVIENDA_M2, SUPERFICIE_TERRENO_M2, TECHUMBRE, MUROS, PISOS_ENTRE_PISOS, ID_ESTADO, RUT_PROPIETARIO, ID_INFORME, ID_REGION) 
VALUES ('I-05','1','1','sta algo 12331',12,1,'villa angelmo','si','12-11-1999',12,'01-01-1995',1,'12-12-2009','usada',1,'nose',2,1,'1','0','1',2,'1','no','no',12,12,'uno','dos','tres',5,'10676544-7',5,1);

--CONYUGE

Prompt **  INSERTANDO DATOS CONYUGE ....
Prompt **  INSERTANDO DATOS CONYUGE ....
Prompt **  INSERTANDO DATOS CONYUGE ....
Prompt **  INSERTANDO DATOS CONYUGE ....

INSERT INTO CONYUGE VALUES (1,'Esposa','111','Josefa','Rojas','Retamales1','09/03/1998','Chilena');
INSERT INTO CONYUGE VALUES (2,'Amante','122','María','Verde','Retamales2','11/12/1999','Peruana');
INSERT INTO CONYUGE VALUES (3,'Esposa','133','Marta','Naranja','Retamales3','11/08/1994','Argentina');
INSERT INTO CONYUGE VALUES (4,'Esposa','144','Ana','Colorina','Retamales4','01/04/1990','Venezolana');

-- FICHA_POSTULACION

Prompt **  INSERTANDO DATOS FICHA POSTULACION ....
Prompt **  INSERTANDO DATOS FICHA POSTULACION ....
Prompt **  INSERTANDO DATOS FICHA POSTULACION ....
Prompt **  INSERTANDO DATOS FICHA POSTULACION ....

INSERT INTO FICHA_POSTULACION VALUES (SEQ_FICHAPOST.nextval,204016542,null,'I-01',2019);
INSERT INTO FICHA_POSTULACION VALUES (SEQ_FICHAPOST.nextval,204016543,1,'I-02',2019);
INSERT INTO FICHA_POSTULACION VALUES (SEQ_FICHAPOST.nextval,204016544,null,'I-03',2019);
INSERT INTO FICHA_POSTULACION VALUES (SEQ_FICHAPOST.nextval,204016545,null,'I-04',2019);

--Tipo titulo
INSERT INTO Titulo_Tipo values (1,'Titulo Tenico',100);
INSERT INTO Titulo_Tipo values (2,'Titulo Profesional',200);
--Titulo
INSERT INTO Titulo VALUES (1,'Analista Programador',1);
INSERT INTO Titulo VALUES (2,'Tecnico Contable',1);
INSERT INTO Titulo VALUES (3,'Ingenieria Ambiental',2);
INSERT INTO Titulo VALUES (4,'Ingenieria Comercial',2);
-- ACREDITACION

Prompt **  INSERTANDO DATOS ACREDITACION ....
Prompt **  INSERTANDO DATOS ACREDITACION ....
Prompt **  INSERTANDO DATOS ACREDITACION ....
Prompt **  INSERTANDO DATOS ACREDITACION ....

INSERT INTO ACREDITACION VALUES(SEQ_ACREDITACION.nextval,1,'SI','12-11-2017','iglesia católica',1,'12-12-2012',1,4);
INSERT INTO ACREDITACION VALUES(SEQ_ACREDITACION.nextval,1,'SI','12-11-2017','iglesia católica',2,'12-12-2013',2,3);
INSERT INTO ACREDITACION VALUES(SEQ_ACREDITACION.nextval,0,'NO',null,'iglesia católica',3,'12-12-2014',3,2);
INSERT INTO ACREDITACION VALUES(SEQ_ACREDITACION.nextval,0,'NO',null,'iglesia católica',4,'12-12-2015',4,1);

-- AHORRO

Prompt **  INSERTANDO AHORRO ....
Prompt **  INSERTANDO AHORRO ....
Prompt **  INSERTANDO AHORRO ....
Prompt **  INSERTANDO AHORRO ....

INSERT INTO AHORRO VALUES (1, SEQ_AHORRO.nextval, '12123123-3','AHORRO','ROSENDO','SANTANDER','11111-111','11-11-2011',8500000);
INSERT INTO AHORRO VALUES (2, SEQ_AHORRO.nextval, '33333333-3','AHORRO','MARIO','SANTANDER','22222-111','11-11-2011',1500000);
INSERT INTO AHORRO VALUES (3, SEQ_AHORRO.nextval, '44444444-3','AHORRO','DANIEL','SANTANDER','33333-111','11-11-2011',80000);
INSERT INTO AHORRO VALUES (4, SEQ_AHORRO.nextval, '55555555-3','AHORRO','ANA','SANTANDER','44444-111','11-11-2011',8000);


-- CONTACTO_POSTULANTE

Prompt **  INSERTANDO CONTACTO POSTULANTE ....
Prompt **  INSERTANDO CONTACTO POSTULANTE ....
Prompt **  INSERTANDO CONTACTO POSTULANTE ....
Prompt **  INSERTANDO CONTACTO POSTULANTE ....

INSERT INTO CONTACTO_POSTULANTE VALUES (1, 1, '111111111','222345673','978500322',7777,'ALGUIEN1@GMAIL.COM');
INSERT INTO CONTACTO_POSTULANTE VALUES (2, 2, '222222222','222345673','978500322',7222,'ALGUIEN2@GMAIL.COM');
INSERT INTO CONTACTO_POSTULANTE VALUES (3, 3, '333333333','222345673','978500322',7333,'ALGUIEN3@GMAIL.COM');
INSERT INTO CONTACTO_POSTULANTE VALUES (4, 4, '444444444','222345673','978500322',7444,'ALGUIEN4@GMAIL.COM');

-- DETALLE POSTULACION

Prompt **  INSERTANDO DETALLE POSTULACION ....
Prompt **  INSERTANDO DETALLE POSTULACION ....
Prompt **  INSERTANDO DETALLE POSTULACION ....
Prompt **  INSERTANDO DETALLE POSTULACION ....


-- DOMICILIO POSTULANTE

Prompt **  INSERTANDO DOMICILIO_POSTULANTE ....
Prompt **  INSERTANDO DOMICILIO_POSTULANTE ....
Prompt **  INSERTANDO DOMICILIO_POSTULANTE ....
Prompt **  INSERTANDO DOMICILIO_POSTULANTE ....

INSERT INTO DOMICILIO_POSTULANTE VALUES (1,1,'CALLE 1 :V', 'NO', 'NO', 'NO', 'NO', 'VILLA NOVA VIDA', 'NOSE', 127);
INSERT INTO DOMICILIO_POSTULANTE VALUES (2,2,'CALLE 2 :V', 'NO', 'DEPARTAMENTO 12', 'NO', 'NO', 'VILLA NOVA VIDA', 'NOSE', 127);
INSERT INTO DOMICILIO_POSTULANTE VALUES (3,3,'CALLE 3 :V', 'BLOCK 111', 'MANZANA LO ESPEJO', 'NO', 'NO', 'VILLA NOVA VIDA', 'NOSE', 127);
INSERT INTO DOMICILIO_POSTULANTE VALUES (4,4,'CALLE 4 :V', 'NO', 'NO', 'NO', 'NO', 'VILLA NOVA VIDA', 'NOSE', 127);

-- HISTORIAL POSTULACION

Prompt **  INSERTANDO HISTORIAL POSTULACION ....
Prompt **  INSERTANDO HISTORIAL POSTULACION ....
Prompt **  INSERTANDO HISTORIAL POSTULACION ....
Prompt **  INSERTANDO HISTORIAL POSTULACION ....

INSERT INTO HISTORIAL_POSTULACION VALUES (1, 1, 204016542);
INSERT INTO HISTORIAL_POSTULACION VALUES (2, 2, 204016543);
INSERT INTO HISTORIAL_POSTULACION VALUES (3, 3, 204016544);
INSERT INTO HISTORIAL_POSTULACION VALUES (4, 4, 204016546);

-- UBICACION PREFERENCIA

Prompt **  INSERTANDO UBICACION PREFERENCIA ....
Prompt **  INSERTANDO UBICACION PREFERENCIA ....
Prompt **  INSERTANDO UBICACION PREFERENCIA ....
Prompt **  INSERTANDO UBICACION PREFERENCIA ....

INSERT INTO UBICACION_PREFERENCIA VALUES (1, 7, 127, 12000000, 1, 1);
INSERT INTO UBICACION_PREFERENCIA VALUES (2, 7, 127, 1000000, 2, 2);
INSERT INTO UBICACION_PREFERENCIA VALUES (3, 7, 127, 122000000, 3, 3);
INSERT INTO UBICACION_PREFERENCIA VALUES (1, 7, 127, 19000000, 4, 4);

-- Cargas familiares

Prompt **  INSERTANDO CARGAS FAMILIARES ....
Prompt **  INSERTANDO CARGAS FAMILIARES ....
Prompt **  INSERTANDO CARGAS FAMILIARES ....
Prompt **  INSERTANDO CARGAS FAMILIARES ....

INSERT INTO CARGAS_FAMILIAR VALUES (1,204016542,121234562,'PEREZSDD','Rojas','Alonso');
INSERT INTO CARGAS_FAMILIAR VALUES (1,204016542,121234563,'PEREZED','GONZALEZ','Tanke');
INSERT INTO CARGAS_FAMILIAR VALUES (2,204016542,121234564,'PEREZAS','Frei','Xelor');
INSERT INTO CARGAS_FAMILIAR VALUES (3,204016586,121234565,'PEREZZ','Piñera','Jocker');
INSERT INTO CARGAS_FAMILIAR VALUES (3,204016585,121234566,'PEREZC','bACHELET','Natulio');
INSERT INTO CARGAS_FAMILIAR VALUES (2,204016584,121234567,'PEREZs','Barril','Luis');

Prompt **  Insercion de datos terminada...
Prompt **  Insercion de datos terminada...
Prompt **  Insercion de datos terminada...
Prompt **  Insercion de datos terminada...